"ID","cluster","cluster.name","hex"
18684,1,3,"#43cd80ff"
18685,2,1,"#cd2626ff"
18686,2,1,"#cd2626ff"
18687,2,1,"#cd2626ff"
18718,3,2,"#eead0eff"
19075,2,1,"#cd2626ff"
19076,2,1,"#cd2626ff"
19077,2,1,"#cd2626ff"
19410,2,1,"#cd2626ff"
19411,2,1,"#cd2626ff"
19435,2,1,"#cd2626ff"
19436,2,1,"#cd2626ff"
19760,4,5,"#b452cdff"
19771,2,1,"#cd2626ff"
19794,2,1,"#cd2626ff"
19795,2,1,"#cd2626ff"
20117,4,5,"#b452cdff"
20118,4,5,"#b452cdff"
20119,1,3,"#43cd80ff"
20131,2,1,"#cd2626ff"
20132,2,1,"#cd2626ff"
20153,2,1,"#cd2626ff"
20154,2,1,"#cd2626ff"
20368,2,1,"#cd2626ff"
20475,1,3,"#43cd80ff"
20477,4,5,"#b452cdff"
20478,4,5,"#b452cdff"
20479,2,1,"#cd2626ff"
20491,2,1,"#cd2626ff"
20492,2,1,"#cd2626ff"
20728,3,2,"#eead0eff"
20729,2,1,"#cd2626ff"
20730,2,1,"#cd2626ff"
20834,2,1,"#cd2626ff"
20835,4,5,"#b452cdff"
20838,2,1,"#cd2626ff"
20852,2,1,"#cd2626ff"
20853,2,1,"#cd2626ff"
21090,2,1,"#cd2626ff"
21091,2,1,"#cd2626ff"
21213,2,1,"#cd2626ff"
21451,3,2,"#eead0eff"
21573,2,1,"#cd2626ff"
21574,2,1,"#cd2626ff"
21811,2,1,"#cd2626ff"
21812,2,1,"#cd2626ff"
21895,1,3,"#43cd80ff"
21934,4,5,"#b452cdff"
22172,2,1,"#cd2626ff"
22173,2,1,"#cd2626ff"
22255,4,5,"#b452cdff"
22294,2,1,"#cd2626ff"
22452,5,4,"#6ca6cdff"
22533,2,1,"#cd2626ff"
22653,4,5,"#b452cdff"
22654,2,1,"#cd2626ff"
22812,5,4,"#6ca6cdff"
22893,3,2,"#eead0eff"
22974,4,5,"#b452cdff"
23013,4,5,"#b452cdff"
23014,2,1,"#cd2626ff"
23172,5,4,"#6ca6cdff"
23173,5,4,"#6ca6cdff"
23253,3,2,"#eead0eff"
23265,4,5,"#b452cdff"
23334,4,5,"#b452cdff"
23373,2,1,"#cd2626ff"
23374,2,1,"#cd2626ff"
23532,2,1,"#cd2626ff"
23533,5,4,"#6ca6cdff"
23534,5,4,"#6ca6cdff"
23625,2,1,"#cd2626ff"
23694,4,5,"#b452cdff"
23732,4,5,"#b452cdff"
23733,2,1,"#cd2626ff"
23734,4,5,"#b452cdff"
23894,5,4,"#6ca6cdff"
23895,5,4,"#6ca6cdff"
23896,5,4,"#6ca6cdff"
23897,5,4,"#6ca6cdff"
23976,2,1,"#cd2626ff"
23984,2,1,"#cd2626ff"
24091,4,5,"#b452cdff"
24092,2,1,"#cd2626ff"
24256,5,4,"#6ca6cdff"
24257,2,1,"#cd2626ff"
24258,2,1,"#cd2626ff"
24259,2,1,"#cd2626ff"
24336,2,1,"#cd2626ff"
24344,2,1,"#cd2626ff"
24415,4,5,"#b452cdff"
24450,4,5,"#b452cdff"
24451,4,5,"#b452cdff"
24467,4,5,"#b452cdff"
24468,4,5,"#b452cdff"
24485,1,3,"#43cd80ff"
24619,2,1,"#cd2626ff"
24620,2,1,"#cd2626ff"
24695,2,1,"#cd2626ff"
24696,2,1,"#cd2626ff"
24704,2,1,"#cd2626ff"
24774,4,5,"#b452cdff"
24775,4,5,"#b452cdff"
24776,4,5,"#b452cdff"
24777,1,3,"#43cd80ff"
24809,2,1,"#cd2626ff"
24810,2,1,"#cd2626ff"
24825,2,1,"#cd2626ff"
24826,4,5,"#b452cdff"
24827,4,5,"#b452cdff"
24980,2,1,"#cd2626ff"
25055,2,1,"#cd2626ff"
25056,2,1,"#cd2626ff"
25064,2,1,"#cd2626ff"
25065,2,1,"#cd2626ff"
25078,1,3,"#43cd80ff"
25137,2,1,"#cd2626ff"
25138,2,1,"#cd2626ff"
25139,1,3,"#43cd80ff"
25140,4,5,"#b452cdff"
25169,2,1,"#cd2626ff"
25170,2,1,"#cd2626ff"
25184,4,5,"#b452cdff"
25185,1,3,"#43cd80ff"
25186,1,3,"#43cd80ff"
25187,4,5,"#b452cdff"
25340,5,4,"#6ca6cdff"
25341,5,4,"#6ca6cdff"
25415,2,1,"#cd2626ff"
25416,2,1,"#cd2626ff"
25425,5,4,"#6ca6cdff"
25500,4,5,"#b452cdff"
25527,2,1,"#cd2626ff"
25528,4,5,"#b452cdff"
25529,2,1,"#cd2626ff"
25544,4,5,"#b452cdff"
25559,4,5,"#b452cdff"
25567,2,1,"#cd2626ff"
25701,5,4,"#6ca6cdff"
25776,2,1,"#cd2626ff"
25777,2,1,"#cd2626ff"
25785,2,1,"#cd2626ff"
25862,4,5,"#b452cdff"
25863,4,5,"#b452cdff"
25886,4,5,"#b452cdff"
25887,4,5,"#b452cdff"
25918,1,3,"#43cd80ff"
25919,1,3,"#43cd80ff"
25920,2,1,"#cd2626ff"
26061,2,1,"#cd2626ff"
26137,2,1,"#cd2626ff"
26138,2,1,"#cd2626ff"
26139,2,1,"#cd2626ff"
26144,2,1,"#cd2626ff"
26145,2,1,"#cd2626ff"
26223,4,5,"#b452cdff"
26224,4,5,"#b452cdff"
26240,4,5,"#b452cdff"
26241,4,5,"#b452cdff"
26242,4,5,"#b452cdff"
26246,2,1,"#cd2626ff"
26247,2,1,"#cd2626ff"
26269,4,5,"#b452cdff"
26277,4,5,"#b452cdff"
26278,1,3,"#43cd80ff"
26279,1,3,"#43cd80ff"
26280,2,1,"#cd2626ff"
26421,2,1,"#cd2626ff"
26422,2,1,"#cd2626ff"
26499,2,1,"#cd2626ff"
26500,2,1,"#cd2626ff"
26501,2,1,"#cd2626ff"
26505,1,3,"#43cd80ff"
26506,1,3,"#43cd80ff"
26507,5,4,"#6ca6cdff"
26583,4,5,"#b452cdff"
26584,4,5,"#b452cdff"
26585,4,5,"#b452cdff"
26598,4,5,"#b452cdff"
26599,4,5,"#b452cdff"
26600,4,5,"#b452cdff"
26601,4,5,"#b452cdff"
26602,4,5,"#b452cdff"
26606,2,1,"#cd2626ff"
26628,4,5,"#b452cdff"
26639,1,3,"#43cd80ff"
26640,1,3,"#43cd80ff"
26781,2,1,"#cd2626ff"
26782,2,1,"#cd2626ff"
26861,2,1,"#cd2626ff"
26866,1,3,"#43cd80ff"
26867,2,1,"#cd2626ff"
26868,2,1,"#cd2626ff"
26945,2,1,"#cd2626ff"
26946,5,4,"#6ca6cdff"
26948,4,5,"#b452cdff"
26949,2,1,"#cd2626ff"
26950,2,1,"#cd2626ff"
26956,4,5,"#b452cdff"
26957,4,5,"#b452cdff"
26958,4,5,"#b452cdff"
26962,4,5,"#b452cdff"
26966,4,5,"#b452cdff"
27009,2,1,"#cd2626ff"
27010,2,1,"#cd2626ff"
27141,2,1,"#cd2626ff"
27142,2,1,"#cd2626ff"
27221,2,1,"#cd2626ff"
27228,1,3,"#43cd80ff"
27229,2,1,"#cd2626ff"
27305,5,4,"#6ca6cdff"
27306,4,5,"#b452cdff"
27307,4,5,"#b452cdff"
27308,2,1,"#cd2626ff"
27309,2,1,"#cd2626ff"
27310,2,1,"#cd2626ff"
27316,2,1,"#cd2626ff"
27317,4,5,"#b452cdff"
27322,4,5,"#b452cdff"
27324,4,5,"#b452cdff"
27325,2,1,"#cd2626ff"
27326,2,1,"#cd2626ff"
27368,2,1,"#cd2626ff"
27369,2,1,"#cd2626ff"
27501,2,1,"#cd2626ff"
27502,2,1,"#cd2626ff"
27581,2,1,"#cd2626ff"
27588,1,3,"#43cd80ff"
27589,1,3,"#43cd80ff"
27590,1,3,"#43cd80ff"
27667,4,5,"#b452cdff"
27668,4,5,"#b452cdff"
27670,4,5,"#b452cdff"
27671,1,3,"#43cd80ff"
27676,2,1,"#cd2626ff"
27677,2,1,"#cd2626ff"
27682,2,1,"#cd2626ff"
27684,4,5,"#b452cdff"
27862,2,1,"#cd2626ff"
27863,2,1,"#cd2626ff"
27941,2,1,"#cd2626ff"
27944,1,3,"#43cd80ff"
27945,1,3,"#43cd80ff"
27946,1,3,"#43cd80ff"
27949,1,3,"#43cd80ff"
27950,1,3,"#43cd80ff"
28031,1,3,"#43cd80ff"
28032,5,4,"#6ca6cdff"
28033,5,4,"#6ca6cdff"
28035,2,1,"#cd2626ff"
28036,2,1,"#cd2626ff"
28037,4,5,"#b452cdff"
28042,2,1,"#cd2626ff"
28043,2,1,"#cd2626ff"
28044,2,1,"#cd2626ff"
28223,2,1,"#cd2626ff"
28301,1,3,"#43cd80ff"
28304,2,1,"#cd2626ff"
28310,2,1,"#cd2626ff"
28391,4,5,"#b452cdff"
28392,2,1,"#cd2626ff"
28393,5,4,"#6ca6cdff"
28394,2,1,"#cd2626ff"
28395,2,1,"#cd2626ff"
28396,4,5,"#b452cdff"
28397,4,5,"#b452cdff"
28402,2,1,"#cd2626ff"
28403,4,5,"#b452cdff"
28404,4,5,"#b452cdff"
28413,4,5,"#b452cdff"
28414,4,5,"#b452cdff"
28415,4,5,"#b452cdff"
28427,4,5,"#b452cdff"
28583,2,1,"#cd2626ff"
28584,2,1,"#cd2626ff"
28634,5,4,"#6ca6cdff"
28660,2,1,"#cd2626ff"
28661,2,1,"#cd2626ff"
28741,1,3,"#43cd80ff"
28743,1,3,"#43cd80ff"
28744,1,3,"#43cd80ff"
28745,2,1,"#cd2626ff"
28753,4,5,"#b452cdff"
28763,4,5,"#b452cdff"
28768,4,5,"#b452cdff"
28769,4,5,"#b452cdff"
28770,4,5,"#b452cdff"
28771,4,5,"#b452cdff"
28772,4,5,"#b452cdff"
28782,4,5,"#b452cdff"
28783,4,5,"#b452cdff"
28786,4,5,"#b452cdff"
28787,4,5,"#b452cdff"
28944,2,1,"#cd2626ff"
28945,2,1,"#cd2626ff"
28994,3,2,"#eead0eff"
29020,2,1,"#cd2626ff"
29099,2,1,"#cd2626ff"
29100,1,3,"#43cd80ff"
29101,1,3,"#43cd80ff"
29105,1,3,"#43cd80ff"
29106,2,1,"#cd2626ff"
29107,2,1,"#cd2626ff"
29121,2,1,"#cd2626ff"
29122,2,1,"#cd2626ff"
29123,4,5,"#b452cdff"
29124,4,5,"#b452cdff"
29127,4,5,"#b452cdff"
29128,4,5,"#b452cdff"
29129,4,5,"#b452cdff"
29130,4,5,"#b452cdff"
29131,4,5,"#b452cdff"
29132,4,5,"#b452cdff"
29133,4,5,"#b452cdff"
29140,4,5,"#b452cdff"
29141,4,5,"#b452cdff"
29142,4,5,"#b452cdff"
29305,2,1,"#cd2626ff"
29306,2,1,"#cd2626ff"
29354,3,2,"#eead0eff"
29380,2,1,"#cd2626ff"
29453,1,3,"#43cd80ff"
29455,1,3,"#43cd80ff"
29456,2,1,"#cd2626ff"
29457,1,3,"#43cd80ff"
29458,2,1,"#cd2626ff"
29459,1,3,"#43cd80ff"
29460,1,3,"#43cd80ff"
29461,1,3,"#43cd80ff"
29462,1,3,"#43cd80ff"
29463,1,3,"#43cd80ff"
29464,1,3,"#43cd80ff"
29465,1,3,"#43cd80ff"
29466,1,3,"#43cd80ff"
29467,1,3,"#43cd80ff"
29468,1,3,"#43cd80ff"
29471,2,1,"#cd2626ff"
29472,2,1,"#cd2626ff"
29478,2,1,"#cd2626ff"
29479,2,1,"#cd2626ff"
29480,2,1,"#cd2626ff"
29481,2,1,"#cd2626ff"
29482,2,1,"#cd2626ff"
29483,4,5,"#b452cdff"
29484,4,5,"#b452cdff"
29486,4,5,"#b452cdff"
29487,4,5,"#b452cdff"
29488,4,5,"#b452cdff"
29489,4,5,"#b452cdff"
29490,4,5,"#b452cdff"
29491,4,5,"#b452cdff"
29492,4,5,"#b452cdff"
29493,4,5,"#b452cdff"
29497,4,5,"#b452cdff"
29498,4,5,"#b452cdff"
29499,4,5,"#b452cdff"
29500,4,5,"#b452cdff"
29501,4,5,"#b452cdff"
29502,4,5,"#b452cdff"
29666,2,1,"#cd2626ff"
29713,3,2,"#eead0eff"
29714,3,2,"#eead0eff"
29740,2,1,"#cd2626ff"
29809,3,2,"#eead0eff"
29810,1,3,"#43cd80ff"
29813,3,2,"#eead0eff"
29814,1,3,"#43cd80ff"
29815,1,3,"#43cd80ff"
29816,1,3,"#43cd80ff"
29821,2,1,"#cd2626ff"
29822,2,1,"#cd2626ff"
29826,1,3,"#43cd80ff"
29831,1,3,"#43cd80ff"
29832,2,1,"#cd2626ff"
29835,2,1,"#cd2626ff"
29838,2,1,"#cd2626ff"
29839,2,1,"#cd2626ff"
29840,2,1,"#cd2626ff"
29841,4,5,"#b452cdff"
29844,4,5,"#b452cdff"
29845,4,5,"#b452cdff"
29846,4,5,"#b452cdff"
29848,4,5,"#b452cdff"
29856,4,5,"#b452cdff"
29857,4,5,"#b452cdff"
29858,4,5,"#b452cdff"
29859,4,5,"#b452cdff"
29860,4,5,"#b452cdff"
30025,2,1,"#cd2626ff"
30026,2,1,"#cd2626ff"
30073,3,2,"#eead0eff"
30099,1,3,"#43cd80ff"
30100,2,1,"#cd2626ff"
30166,1,3,"#43cd80ff"
30167,3,2,"#eead0eff"
30168,1,3,"#43cd80ff"
30169,1,3,"#43cd80ff"
30170,3,2,"#eead0eff"
30171,1,3,"#43cd80ff"
30172,3,2,"#eead0eff"
30173,1,3,"#43cd80ff"
30174,1,3,"#43cd80ff"
30176,1,3,"#43cd80ff"
30181,1,3,"#43cd80ff"
30192,2,1,"#cd2626ff"
30195,2,1,"#cd2626ff"
30199,2,1,"#cd2626ff"
30200,4,5,"#b452cdff"
30207,4,5,"#b452cdff"
30208,4,5,"#b452cdff"
30209,4,5,"#b452cdff"
30210,4,5,"#b452cdff"
30211,4,5,"#b452cdff"
30216,4,5,"#b452cdff"
30217,4,5,"#b452cdff"
30218,4,5,"#b452cdff"
30384,2,1,"#cd2626ff"
30385,2,1,"#cd2626ff"
30433,3,2,"#eead0eff"
30459,2,1,"#cd2626ff"
30460,2,1,"#cd2626ff"
30523,1,3,"#43cd80ff"
30524,2,1,"#cd2626ff"
30525,3,2,"#eead0eff"
30526,3,2,"#eead0eff"
30527,1,3,"#43cd80ff"
30528,1,3,"#43cd80ff"
30529,1,3,"#43cd80ff"
30531,1,3,"#43cd80ff"
30533,1,3,"#43cd80ff"
30535,1,3,"#43cd80ff"
30540,1,3,"#43cd80ff"
30541,2,1,"#cd2626ff"
30542,1,3,"#43cd80ff"
30543,1,3,"#43cd80ff"
30544,1,3,"#43cd80ff"
30553,1,3,"#43cd80ff"
30554,1,3,"#43cd80ff"
30555,2,1,"#cd2626ff"
30558,2,1,"#cd2626ff"
30559,2,1,"#cd2626ff"
30566,4,5,"#b452cdff"
30568,4,5,"#b452cdff"
30569,4,5,"#b452cdff"
30570,4,5,"#b452cdff"
30571,4,5,"#b452cdff"
30572,4,5,"#b452cdff"
30575,2,1,"#cd2626ff"
30576,4,5,"#b452cdff"
30742,2,1,"#cd2626ff"
30743,2,1,"#cd2626ff"
30820,2,1,"#cd2626ff"
30836,1,3,"#43cd80ff"
30886,3,2,"#eead0eff"
30895,1,3,"#43cd80ff"
30897,1,3,"#43cd80ff"
30900,1,3,"#43cd80ff"
30901,3,2,"#eead0eff"
30902,1,3,"#43cd80ff"
30903,2,1,"#cd2626ff"
30904,1,3,"#43cd80ff"
30912,1,3,"#43cd80ff"
30913,1,3,"#43cd80ff"
30914,1,3,"#43cd80ff"
30915,2,1,"#cd2626ff"
30916,2,1,"#cd2626ff"
30917,2,1,"#cd2626ff"
30918,2,1,"#cd2626ff"
30925,4,5,"#b452cdff"
30926,2,1,"#cd2626ff"
30932,4,5,"#b452cdff"
30933,4,5,"#b452cdff"
30935,4,5,"#b452cdff"
31060,2,1,"#cd2626ff"
31061,2,1,"#cd2626ff"
31096,2,1,"#cd2626ff"
31099,2,1,"#cd2626ff"
31100,2,1,"#cd2626ff"
31101,2,1,"#cd2626ff"
31102,2,1,"#cd2626ff"
31151,3,2,"#eead0eff"
31180,2,1,"#cd2626ff"
31181,1,3,"#43cd80ff"
31241,1,3,"#43cd80ff"
31246,2,1,"#cd2626ff"
31247,1,3,"#43cd80ff"
31248,1,3,"#43cd80ff"
31249,1,3,"#43cd80ff"
31251,3,2,"#eead0eff"
31252,3,2,"#eead0eff"
31253,5,4,"#6ca6cdff"
31254,2,1,"#cd2626ff"
31255,3,2,"#eead0eff"
31256,1,3,"#43cd80ff"
31257,2,1,"#cd2626ff"
31259,1,3,"#43cd80ff"
31260,2,1,"#cd2626ff"
31261,2,1,"#cd2626ff"
31262,2,1,"#cd2626ff"
31263,2,1,"#cd2626ff"
31264,1,3,"#43cd80ff"
31266,2,1,"#cd2626ff"
31267,4,5,"#b452cdff"
31268,1,3,"#43cd80ff"
31269,1,3,"#43cd80ff"
31270,2,1,"#cd2626ff"
31271,1,3,"#43cd80ff"
31273,1,3,"#43cd80ff"
31274,2,1,"#cd2626ff"
31275,2,1,"#cd2626ff"
31276,2,1,"#cd2626ff"
31283,4,5,"#b452cdff"
31284,4,5,"#b452cdff"
31285,4,5,"#b452cdff"
31292,4,5,"#b452cdff"
31293,4,5,"#b452cdff"
31420,2,1,"#cd2626ff"
31421,2,1,"#cd2626ff"
31456,2,1,"#cd2626ff"
31457,2,1,"#cd2626ff"
31458,2,1,"#cd2626ff"
31459,2,1,"#cd2626ff"
31460,2,1,"#cd2626ff"
31461,2,1,"#cd2626ff"
31510,3,2,"#eead0eff"
31541,2,1,"#cd2626ff"
31542,2,1,"#cd2626ff"
31600,1,3,"#43cd80ff"
31601,1,3,"#43cd80ff"
31602,3,2,"#eead0eff"
31605,2,1,"#cd2626ff"
31606,1,3,"#43cd80ff"
31607,2,1,"#cd2626ff"
31608,1,3,"#43cd80ff"
31609,1,3,"#43cd80ff"
31611,2,1,"#cd2626ff"
31612,3,2,"#eead0eff"
31613,3,2,"#eead0eff"
31614,3,2,"#eead0eff"
31617,5,4,"#6ca6cdff"
31619,1,3,"#43cd80ff"
31620,1,3,"#43cd80ff"
31621,3,2,"#eead0eff"
31622,2,1,"#cd2626ff"
31623,1,3,"#43cd80ff"
31624,1,3,"#43cd80ff"
31625,1,3,"#43cd80ff"
31626,1,3,"#43cd80ff"
31627,1,3,"#43cd80ff"
31628,1,3,"#43cd80ff"
31629,2,1,"#cd2626ff"
31630,1,3,"#43cd80ff"
31631,1,3,"#43cd80ff"
31633,2,1,"#cd2626ff"
31634,2,1,"#cd2626ff"
31635,2,1,"#cd2626ff"
31636,2,1,"#cd2626ff"
31637,2,1,"#cd2626ff"
31638,1,3,"#43cd80ff"
31640,1,3,"#43cd80ff"
31641,1,3,"#43cd80ff"
31643,2,1,"#cd2626ff"
31647,4,5,"#b452cdff"
31648,4,5,"#b452cdff"
31651,4,5,"#b452cdff"
31652,4,5,"#b452cdff"
31653,4,5,"#b452cdff"
31769,2,1,"#cd2626ff"
31812,3,2,"#eead0eff"
31814,2,1,"#cd2626ff"
31815,2,1,"#cd2626ff"
31816,2,1,"#cd2626ff"
31869,3,2,"#eead0eff"
31870,3,2,"#eead0eff"
31901,2,1,"#cd2626ff"
31902,2,1,"#cd2626ff"
31959,2,1,"#cd2626ff"
31960,1,3,"#43cd80ff"
31961,2,1,"#cd2626ff"
31964,3,2,"#eead0eff"
31965,2,1,"#cd2626ff"
31966,2,1,"#cd2626ff"
31969,1,3,"#43cd80ff"
31970,2,1,"#cd2626ff"
31971,2,1,"#cd2626ff"
31977,5,4,"#6ca6cdff"
31980,1,3,"#43cd80ff"
31981,1,3,"#43cd80ff"
31982,2,1,"#cd2626ff"
31983,2,1,"#cd2626ff"
31984,1,3,"#43cd80ff"
31985,1,3,"#43cd80ff"
31986,1,3,"#43cd80ff"
31987,1,3,"#43cd80ff"
31988,1,3,"#43cd80ff"
31989,1,3,"#43cd80ff"
31990,1,3,"#43cd80ff"
31991,1,3,"#43cd80ff"
31992,1,3,"#43cd80ff"
31993,2,1,"#cd2626ff"
31995,1,3,"#43cd80ff"
31996,2,1,"#cd2626ff"
31997,1,3,"#43cd80ff"
31998,2,1,"#cd2626ff"
31999,1,3,"#43cd80ff"
32007,4,5,"#b452cdff"
32008,4,5,"#b452cdff"
32010,4,5,"#b452cdff"
32129,2,1,"#cd2626ff"
32130,2,1,"#cd2626ff"
32140,2,1,"#cd2626ff"
32170,3,2,"#eead0eff"
32171,1,3,"#43cd80ff"
32172,2,1,"#cd2626ff"
32173,2,1,"#cd2626ff"
32174,2,1,"#cd2626ff"
32229,3,2,"#eead0eff"
32230,3,2,"#eead0eff"
32262,2,1,"#cd2626ff"
32263,2,1,"#cd2626ff"
32319,2,1,"#cd2626ff"
32320,3,2,"#eead0eff"
32324,3,2,"#eead0eff"
32325,2,1,"#cd2626ff"
32330,5,4,"#6ca6cdff"
32337,5,4,"#6ca6cdff"
32338,3,2,"#eead0eff"
32340,1,3,"#43cd80ff"
32341,1,3,"#43cd80ff"
32342,1,3,"#43cd80ff"
32343,1,3,"#43cd80ff"
32344,1,3,"#43cd80ff"
32348,1,3,"#43cd80ff"
32349,1,3,"#43cd80ff"
32350,1,3,"#43cd80ff"
32351,1,3,"#43cd80ff"
32352,1,3,"#43cd80ff"
32355,1,3,"#43cd80ff"
32356,2,1,"#cd2626ff"
32489,5,4,"#6ca6cdff"
32500,2,1,"#cd2626ff"
32501,2,1,"#cd2626ff"
32530,2,1,"#cd2626ff"
32531,2,1,"#cd2626ff"
32587,3,2,"#eead0eff"
32590,3,2,"#eead0eff"
32678,2,1,"#cd2626ff"
32679,3,2,"#eead0eff"
32680,2,1,"#cd2626ff"
32683,3,2,"#eead0eff"
32684,3,2,"#eead0eff"
32685,3,2,"#eead0eff"
32688,1,3,"#43cd80ff"
32689,3,2,"#eead0eff"
32690,3,2,"#eead0eff"
32698,5,4,"#6ca6cdff"
32699,1,3,"#43cd80ff"
32700,1,3,"#43cd80ff"
32701,1,3,"#43cd80ff"
32702,1,3,"#43cd80ff"
32703,1,3,"#43cd80ff"
32704,1,3,"#43cd80ff"
32705,1,3,"#43cd80ff"
32708,1,3,"#43cd80ff"
32709,1,3,"#43cd80ff"
32710,4,5,"#b452cdff"
32861,2,1,"#cd2626ff"
32862,2,1,"#cd2626ff"
32890,5,4,"#6ca6cdff"
32891,5,4,"#6ca6cdff"
32950,2,1,"#cd2626ff"
33038,1,3,"#43cd80ff"
33039,2,1,"#cd2626ff"
33042,2,1,"#cd2626ff"
33043,3,2,"#eead0eff"
33044,3,2,"#eead0eff"
33045,3,2,"#eead0eff"
33049,3,2,"#eead0eff"
33050,5,4,"#6ca6cdff"
33051,5,4,"#6ca6cdff"
33052,5,4,"#6ca6cdff"
33058,2,1,"#cd2626ff"
33059,1,3,"#43cd80ff"
33061,1,3,"#43cd80ff"
33062,1,3,"#43cd80ff"
33063,1,3,"#43cd80ff"
33065,1,3,"#43cd80ff"
33066,1,3,"#43cd80ff"
33068,1,3,"#43cd80ff"
33069,1,3,"#43cd80ff"
33222,4,5,"#b452cdff"
33223,4,5,"#b452cdff"
33249,3,2,"#eead0eff"
33250,5,4,"#6ca6cdff"
33310,3,2,"#eead0eff"
33396,1,3,"#43cd80ff"
33397,1,3,"#43cd80ff"
33398,1,3,"#43cd80ff"
33400,5,4,"#6ca6cdff"
33401,5,4,"#6ca6cdff"
33402,3,2,"#eead0eff"
33403,3,2,"#eead0eff"
33404,2,1,"#cd2626ff"
33406,1,3,"#43cd80ff"
33407,2,1,"#cd2626ff"
33409,1,3,"#43cd80ff"
33410,1,3,"#43cd80ff"
33412,5,4,"#6ca6cdff"
33413,3,2,"#eead0eff"
33418,5,4,"#6ca6cdff"
33419,1,3,"#43cd80ff"
33426,1,3,"#43cd80ff"
33428,1,3,"#43cd80ff"
33429,1,3,"#43cd80ff"
33583,4,5,"#b452cdff"
33609,2,1,"#cd2626ff"
33610,3,2,"#eead0eff"
33670,3,2,"#eead0eff"
33759,1,3,"#43cd80ff"
33760,5,4,"#6ca6cdff"
33761,3,2,"#eead0eff"
33762,3,2,"#eead0eff"
33764,5,4,"#6ca6cdff"
33766,2,1,"#cd2626ff"
33767,2,1,"#cd2626ff"
33768,1,3,"#43cd80ff"
33769,2,1,"#cd2626ff"
33774,3,2,"#eead0eff"
33778,5,4,"#6ca6cdff"
33786,1,3,"#43cd80ff"
33943,4,5,"#b452cdff"
33968,2,1,"#cd2626ff"
33969,2,1,"#cd2626ff"
34011,3,2,"#eead0eff"
34012,3,2,"#eead0eff"
34013,3,2,"#eead0eff"
34014,3,2,"#eead0eff"
34015,3,2,"#eead0eff"
34018,3,2,"#eead0eff"
34019,3,2,"#eead0eff"
34026,3,2,"#eead0eff"
34027,3,2,"#eead0eff"
34028,3,2,"#eead0eff"
34029,3,2,"#eead0eff"
34030,3,2,"#eead0eff"
34118,1,3,"#43cd80ff"
34119,1,3,"#43cd80ff"
34121,3,2,"#eead0eff"
34124,3,2,"#eead0eff"
34128,1,3,"#43cd80ff"
34129,1,3,"#43cd80ff"
34135,3,2,"#eead0eff"
34136,2,1,"#cd2626ff"
34138,5,4,"#6ca6cdff"
34139,1,3,"#43cd80ff"
34148,2,1,"#cd2626ff"
34303,4,5,"#b452cdff"
34323,2,1,"#cd2626ff"
34324,1,3,"#43cd80ff"
34325,1,3,"#43cd80ff"
34326,1,3,"#43cd80ff"
34327,4,5,"#b452cdff"
34328,1,3,"#43cd80ff"
34370,3,2,"#eead0eff"
34371,3,2,"#eead0eff"
34372,3,2,"#eead0eff"
34375,3,2,"#eead0eff"
34376,3,2,"#eead0eff"
34377,3,2,"#eead0eff"
34378,3,2,"#eead0eff"
34379,3,2,"#eead0eff"
34380,3,2,"#eead0eff"
34381,3,2,"#eead0eff"
34385,3,2,"#eead0eff"
34386,3,2,"#eead0eff"
34389,3,2,"#eead0eff"
34461,2,1,"#cd2626ff"
34478,1,3,"#43cd80ff"
34481,3,2,"#eead0eff"
34483,1,3,"#43cd80ff"
34484,1,3,"#43cd80ff"
34496,3,2,"#eead0eff"
34497,1,3,"#43cd80ff"
34498,5,4,"#6ca6cdff"
34499,2,1,"#cd2626ff"
34500,1,3,"#43cd80ff"
34501,1,3,"#43cd80ff"
34502,1,3,"#43cd80ff"
34663,4,5,"#b452cdff"
34682,2,1,"#cd2626ff"
34683,2,1,"#cd2626ff"
34684,2,1,"#cd2626ff"
34685,1,3,"#43cd80ff"
34729,3,2,"#eead0eff"
34730,3,2,"#eead0eff"
34742,3,2,"#eead0eff"
34743,3,2,"#eead0eff"
34744,3,2,"#eead0eff"
34745,3,2,"#eead0eff"
34746,3,2,"#eead0eff"
34820,2,1,"#cd2626ff"
34821,2,1,"#cd2626ff"
34822,2,1,"#cd2626ff"
34840,3,2,"#eead0eff"
34841,3,2,"#eead0eff"
34842,3,2,"#eead0eff"
34843,1,3,"#43cd80ff"
34857,2,1,"#cd2626ff"
34858,2,1,"#cd2626ff"
34859,2,1,"#cd2626ff"
34861,1,3,"#43cd80ff"
34862,1,3,"#43cd80ff"
34863,1,3,"#43cd80ff"
34865,1,3,"#43cd80ff"
34867,2,1,"#cd2626ff"
34875,4,5,"#b452cdff"
34899,4,5,"#b452cdff"
35019,2,1,"#cd2626ff"
35020,2,1,"#cd2626ff"
35022,2,1,"#cd2626ff"
35023,4,5,"#b452cdff"
35024,2,1,"#cd2626ff"
35041,4,5,"#b452cdff"
35042,4,5,"#b452cdff"
35088,3,2,"#eead0eff"
35089,3,2,"#eead0eff"
35180,2,1,"#cd2626ff"
35182,1,3,"#43cd80ff"
35199,3,2,"#eead0eff"
35200,3,2,"#eead0eff"
35201,3,2,"#eead0eff"
35217,2,1,"#cd2626ff"
35218,2,1,"#cd2626ff"
35223,1,3,"#43cd80ff"
35224,1,3,"#43cd80ff"
35225,1,3,"#43cd80ff"
35227,1,3,"#43cd80ff"
35235,4,5,"#b452cdff"
35252,1,3,"#43cd80ff"
35259,4,5,"#b452cdff"
35377,2,1,"#cd2626ff"
35378,2,1,"#cd2626ff"
35379,2,1,"#cd2626ff"
35380,2,1,"#cd2626ff"
35381,2,1,"#cd2626ff"
35382,2,1,"#cd2626ff"
35383,2,1,"#cd2626ff"
35384,2,1,"#cd2626ff"
35400,2,1,"#cd2626ff"
35401,2,1,"#cd2626ff"
35447,3,2,"#eead0eff"
35448,3,2,"#eead0eff"
35540,2,1,"#cd2626ff"
35541,2,1,"#cd2626ff"
35542,2,1,"#cd2626ff"
35559,3,2,"#eead0eff"
35560,1,3,"#43cd80ff"
35561,3,2,"#eead0eff"
35565,3,2,"#eead0eff"
35566,3,2,"#eead0eff"
35577,2,1,"#cd2626ff"
35578,2,1,"#cd2626ff"
35579,2,1,"#cd2626ff"
35583,1,3,"#43cd80ff"
35584,1,3,"#43cd80ff"
35585,2,1,"#cd2626ff"
35586,2,1,"#cd2626ff"
35587,1,3,"#43cd80ff"
35595,4,5,"#b452cdff"
35735,2,1,"#cd2626ff"
35736,2,1,"#cd2626ff"
35737,2,1,"#cd2626ff"
35738,2,1,"#cd2626ff"
35739,2,1,"#cd2626ff"
35741,1,3,"#43cd80ff"
35742,4,5,"#b452cdff"
35743,2,1,"#cd2626ff"
35744,2,1,"#cd2626ff"
35745,4,5,"#b452cdff"
35748,3,2,"#eead0eff"
35749,5,4,"#6ca6cdff"
35758,2,1,"#cd2626ff"
35759,2,1,"#cd2626ff"
35760,2,1,"#cd2626ff"
35806,3,2,"#eead0eff"
35807,3,2,"#eead0eff"
35899,3,2,"#eead0eff"
35900,3,2,"#eead0eff"
35901,3,2,"#eead0eff"
35919,3,2,"#eead0eff"
35920,3,2,"#eead0eff"
35925,3,2,"#eead0eff"
35926,3,2,"#eead0eff"
35927,3,2,"#eead0eff"
35938,2,1,"#cd2626ff"
35939,2,1,"#cd2626ff"
35940,3,2,"#eead0eff"
35943,1,3,"#43cd80ff"
35944,1,3,"#43cd80ff"
35945,1,3,"#43cd80ff"
35946,2,1,"#cd2626ff"
35947,2,1,"#cd2626ff"
35959,1,3,"#43cd80ff"
36095,2,1,"#cd2626ff"
36096,2,1,"#cd2626ff"
36105,2,1,"#cd2626ff"
36106,2,1,"#cd2626ff"
36108,5,4,"#6ca6cdff"
36109,2,1,"#cd2626ff"
36112,2,1,"#cd2626ff"
36113,1,3,"#43cd80ff"
36114,2,1,"#cd2626ff"
36115,2,1,"#cd2626ff"
36116,1,3,"#43cd80ff"
36117,2,1,"#cd2626ff"
36118,2,1,"#cd2626ff"
36119,2,1,"#cd2626ff"
36165,3,2,"#eead0eff"
36166,3,2,"#eead0eff"
36167,3,2,"#eead0eff"
36226,5,4,"#6ca6cdff"
36260,3,2,"#eead0eff"
36273,1,3,"#43cd80ff"
36278,2,1,"#cd2626ff"
36279,3,2,"#eead0eff"
36280,2,1,"#cd2626ff"
36284,3,2,"#eead0eff"
36285,3,2,"#eead0eff"
36287,3,2,"#eead0eff"
36288,3,2,"#eead0eff"
36299,2,1,"#cd2626ff"
36300,2,1,"#cd2626ff"
36301,1,3,"#43cd80ff"
36302,1,3,"#43cd80ff"
36303,1,3,"#43cd80ff"
36304,1,3,"#43cd80ff"
36305,1,3,"#43cd80ff"
36306,2,1,"#cd2626ff"
36307,2,1,"#cd2626ff"
36454,2,1,"#cd2626ff"
36455,2,1,"#cd2626ff"
36457,2,1,"#cd2626ff"
36466,4,5,"#b452cdff"
36467,4,5,"#b452cdff"
36468,2,1,"#cd2626ff"
36469,2,1,"#cd2626ff"
36470,2,1,"#cd2626ff"
36471,2,1,"#cd2626ff"
36472,2,1,"#cd2626ff"
36476,1,3,"#43cd80ff"
36479,1,3,"#43cd80ff"
36480,1,3,"#43cd80ff"
36524,3,2,"#eead0eff"
36525,3,2,"#eead0eff"
36526,3,2,"#eead0eff"
36584,5,4,"#6ca6cdff"
36591,5,4,"#6ca6cdff"
36592,3,2,"#eead0eff"
36620,2,1,"#cd2626ff"
36633,1,3,"#43cd80ff"
36634,1,3,"#43cd80ff"
36639,2,1,"#cd2626ff"
36640,3,2,"#eead0eff"
36643,3,2,"#eead0eff"
36644,3,2,"#eead0eff"
36650,3,2,"#eead0eff"
36660,2,1,"#cd2626ff"
36661,2,1,"#cd2626ff"
36662,1,3,"#43cd80ff"
36663,2,1,"#cd2626ff"
36664,2,1,"#cd2626ff"
36665,2,1,"#cd2626ff"
36666,2,1,"#cd2626ff"
36813,2,1,"#cd2626ff"
36814,2,1,"#cd2626ff"
36817,2,1,"#cd2626ff"
36819,5,4,"#6ca6cdff"
36828,2,1,"#cd2626ff"
36829,2,1,"#cd2626ff"
36830,2,1,"#cd2626ff"
36831,1,3,"#43cd80ff"
36832,4,5,"#b452cdff"
36839,1,3,"#43cd80ff"
36884,3,2,"#eead0eff"
36885,3,2,"#eead0eff"
36886,3,2,"#eead0eff"
36943,5,4,"#6ca6cdff"
36944,5,4,"#6ca6cdff"
36954,3,2,"#eead0eff"
36955,5,4,"#6ca6cdff"
36993,1,3,"#43cd80ff"
36994,1,3,"#43cd80ff"
36998,2,1,"#cd2626ff"
36999,2,1,"#cd2626ff"
37000,1,3,"#43cd80ff"
37001,3,2,"#eead0eff"
37002,3,2,"#eead0eff"
37003,3,2,"#eead0eff"
37020,2,1,"#cd2626ff"
37021,2,1,"#cd2626ff"
37022,2,1,"#cd2626ff"
37023,2,1,"#cd2626ff"
37024,2,1,"#cd2626ff"
37025,2,1,"#cd2626ff"
37026,1,3,"#43cd80ff"
37169,2,1,"#cd2626ff"
37170,2,1,"#cd2626ff"
37171,2,1,"#cd2626ff"
37172,2,1,"#cd2626ff"
37173,2,1,"#cd2626ff"
37177,2,1,"#cd2626ff"
37179,5,4,"#6ca6cdff"
37199,1,3,"#43cd80ff"
37200,1,3,"#43cd80ff"
37201,1,3,"#43cd80ff"
37244,3,2,"#eead0eff"
37245,3,2,"#eead0eff"
37303,5,4,"#6ca6cdff"
37304,5,4,"#6ca6cdff"
37353,1,3,"#43cd80ff"
37354,1,3,"#43cd80ff"
37359,3,2,"#eead0eff"
37360,1,3,"#43cd80ff"
37361,3,2,"#eead0eff"
37362,2,1,"#cd2626ff"
37370,3,2,"#eead0eff"
37381,2,1,"#cd2626ff"
37382,2,1,"#cd2626ff"
37383,2,1,"#cd2626ff"
37384,2,1,"#cd2626ff"
37385,2,1,"#cd2626ff"
37528,2,1,"#cd2626ff"
37529,2,1,"#cd2626ff"
37537,2,1,"#cd2626ff"
37538,5,4,"#6ca6cdff"
37559,2,1,"#cd2626ff"
37560,2,1,"#cd2626ff"
37604,3,2,"#eead0eff"
37661,2,1,"#cd2626ff"
37663,3,2,"#eead0eff"
37718,3,2,"#eead0eff"
37719,3,2,"#eead0eff"
37730,3,2,"#eead0eff"
37741,3,2,"#eead0eff"
37742,2,1,"#cd2626ff"
37743,2,1,"#cd2626ff"
37744,2,1,"#cd2626ff"
37745,2,1,"#cd2626ff"
37883,2,1,"#cd2626ff"
37884,2,1,"#cd2626ff"
37885,1,3,"#43cd80ff"
37887,2,1,"#cd2626ff"
37888,2,1,"#cd2626ff"
37892,5,4,"#6ca6cdff"
37893,2,1,"#cd2626ff"
37894,4,5,"#b452cdff"
37895,2,1,"#cd2626ff"
37896,2,1,"#cd2626ff"
37897,2,1,"#cd2626ff"
37919,2,1,"#cd2626ff"
37964,3,2,"#eead0eff"
38020,2,1,"#cd2626ff"
38021,2,1,"#cd2626ff"
38023,5,4,"#6ca6cdff"
38061,2,1,"#cd2626ff"
38062,2,1,"#cd2626ff"
38075,3,2,"#eead0eff"
38076,3,2,"#eead0eff"
38078,3,2,"#eead0eff"
38100,2,1,"#cd2626ff"
38101,3,2,"#eead0eff"
38102,2,1,"#cd2626ff"
38103,2,1,"#cd2626ff"
38240,2,1,"#cd2626ff"
38241,2,1,"#cd2626ff"
38242,2,1,"#cd2626ff"
38243,2,1,"#cd2626ff"
38245,1,3,"#43cd80ff"
38246,2,1,"#cd2626ff"
38247,2,1,"#cd2626ff"
38252,2,1,"#cd2626ff"
38253,5,4,"#6ca6cdff"
38254,2,1,"#cd2626ff"
38255,2,1,"#cd2626ff"
38279,2,1,"#cd2626ff"
38324,3,2,"#eead0eff"
38380,2,1,"#cd2626ff"
38381,5,4,"#6ca6cdff"
38382,5,4,"#6ca6cdff"
38383,5,4,"#6ca6cdff"
38422,3,2,"#eead0eff"
38423,3,2,"#eead0eff"
38435,3,2,"#eead0eff"
38436,3,2,"#eead0eff"
38437,3,2,"#eead0eff"
38438,3,2,"#eead0eff"
38448,3,2,"#eead0eff"
38460,2,1,"#cd2626ff"
38461,3,2,"#eead0eff"
38463,2,1,"#cd2626ff"
38598,2,1,"#cd2626ff"
38599,2,1,"#cd2626ff"
38600,2,1,"#cd2626ff"
38612,2,1,"#cd2626ff"
38613,5,4,"#6ca6cdff"
38623,3,2,"#eead0eff"
38624,2,1,"#cd2626ff"
38629,2,1,"#cd2626ff"
38633,1,3,"#43cd80ff"
38634,2,1,"#cd2626ff"
38635,2,1,"#cd2626ff"
38636,1,3,"#43cd80ff"
38638,2,1,"#cd2626ff"
38639,1,3,"#43cd80ff"
38739,3,2,"#eead0eff"
38742,3,2,"#eead0eff"
38743,5,4,"#6ca6cdff"
38755,3,2,"#eead0eff"
38774,3,2,"#eead0eff"
38795,3,2,"#eead0eff"
38798,3,2,"#eead0eff"
38807,3,2,"#eead0eff"
38821,3,2,"#eead0eff"
38823,2,1,"#cd2626ff"
38905,3,2,"#eead0eff"
38956,2,1,"#cd2626ff"
38957,2,1,"#cd2626ff"
38958,2,1,"#cd2626ff"
38964,2,1,"#cd2626ff"
38965,2,1,"#cd2626ff"
38966,2,1,"#cd2626ff"
38967,2,1,"#cd2626ff"
38968,2,1,"#cd2626ff"
38969,2,1,"#cd2626ff"
38970,2,1,"#cd2626ff"
38972,2,1,"#cd2626ff"
38973,5,4,"#6ca6cdff"
38982,2,1,"#cd2626ff"
38983,3,2,"#eead0eff"
38984,2,1,"#cd2626ff"
38986,2,1,"#cd2626ff"
38987,2,1,"#cd2626ff"
38988,2,1,"#cd2626ff"
38989,2,1,"#cd2626ff"
38990,2,1,"#cd2626ff"
38991,2,1,"#cd2626ff"
38992,2,1,"#cd2626ff"
38993,2,1,"#cd2626ff"
38994,2,1,"#cd2626ff"
38995,2,1,"#cd2626ff"
38996,2,1,"#cd2626ff"
38997,2,1,"#cd2626ff"
39098,5,4,"#6ca6cdff"
39099,5,4,"#6ca6cdff"
39102,3,2,"#eead0eff"
39133,2,1,"#cd2626ff"
39134,2,1,"#cd2626ff"
39154,3,2,"#eead0eff"
39155,3,2,"#eead0eff"
39166,3,2,"#eead0eff"
39167,2,1,"#cd2626ff"
39170,3,2,"#eead0eff"
39171,3,2,"#eead0eff"
39181,2,1,"#cd2626ff"
39182,1,3,"#43cd80ff"
39183,2,1,"#cd2626ff"
39315,2,1,"#cd2626ff"
39316,2,1,"#cd2626ff"
39324,2,1,"#cd2626ff"
39325,2,1,"#cd2626ff"
39329,2,1,"#cd2626ff"
39330,2,1,"#cd2626ff"
39333,2,1,"#cd2626ff"
39339,2,1,"#cd2626ff"
39340,5,4,"#6ca6cdff"
39343,5,4,"#6ca6cdff"
39344,3,2,"#eead0eff"
39345,3,2,"#eead0eff"
39346,3,2,"#eead0eff"
39347,5,4,"#6ca6cdff"
39348,5,4,"#6ca6cdff"
39349,2,1,"#cd2626ff"
39350,2,1,"#cd2626ff"
39351,2,1,"#cd2626ff"
39352,2,1,"#cd2626ff"
39458,2,1,"#cd2626ff"
39461,3,2,"#eead0eff"
39493,2,1,"#cd2626ff"
39494,2,1,"#cd2626ff"
39514,3,2,"#eead0eff"
39515,5,4,"#6ca6cdff"
39526,4,5,"#b452cdff"
39527,3,2,"#eead0eff"
39529,3,2,"#eead0eff"
39530,3,2,"#eead0eff"
39531,3,2,"#eead0eff"
39542,2,1,"#cd2626ff"
39675,2,1,"#cd2626ff"
39683,2,1,"#cd2626ff"
39684,2,1,"#cd2626ff"
39690,2,1,"#cd2626ff"
39693,2,1,"#cd2626ff"
39694,2,1,"#cd2626ff"
39701,5,4,"#6ca6cdff"
39702,5,4,"#6ca6cdff"
39703,5,4,"#6ca6cdff"
39704,5,4,"#6ca6cdff"
39705,5,4,"#6ca6cdff"
39706,5,4,"#6ca6cdff"
39707,3,2,"#eead0eff"
39818,3,2,"#eead0eff"
39820,5,4,"#6ca6cdff"
39821,3,2,"#eead0eff"
39851,2,1,"#cd2626ff"
39852,1,3,"#43cd80ff"
39853,1,3,"#43cd80ff"
39867,3,2,"#eead0eff"
39868,3,2,"#eead0eff"
39873,3,2,"#eead0eff"
39874,3,2,"#eead0eff"
39887,3,2,"#eead0eff"
39888,3,2,"#eead0eff"
39890,3,2,"#eead0eff"
39891,3,2,"#eead0eff"
39981,5,4,"#6ca6cdff"
39982,5,4,"#6ca6cdff"
39983,5,4,"#6ca6cdff"
39984,5,4,"#6ca6cdff"
40035,2,1,"#cd2626ff"
40043,2,1,"#cd2626ff"
40050,2,1,"#cd2626ff"
40051,2,1,"#cd2626ff"
40052,2,1,"#cd2626ff"
40053,2,1,"#cd2626ff"
40054,2,1,"#cd2626ff"
40056,5,4,"#6ca6cdff"
40057,5,4,"#6ca6cdff"
40058,5,4,"#6ca6cdff"
40059,5,4,"#6ca6cdff"
40060,5,4,"#6ca6cdff"
40061,5,4,"#6ca6cdff"
40062,5,4,"#6ca6cdff"
40063,5,4,"#6ca6cdff"
40064,2,1,"#cd2626ff"
40065,5,4,"#6ca6cdff"
40067,3,2,"#eead0eff"
40068,5,4,"#6ca6cdff"
40069,5,4,"#6ca6cdff"
40177,5,4,"#6ca6cdff"
40180,3,2,"#eead0eff"
40210,3,2,"#eead0eff"
40212,3,2,"#eead0eff"
40213,1,3,"#43cd80ff"
40227,3,2,"#eead0eff"
40228,3,2,"#eead0eff"
40229,3,2,"#eead0eff"
40230,3,2,"#eead0eff"
40231,3,2,"#eead0eff"
40232,3,2,"#eead0eff"
40233,3,2,"#eead0eff"
40247,3,2,"#eead0eff"
40248,3,2,"#eead0eff"
40249,3,2,"#eead0eff"
40250,3,2,"#eead0eff"
40251,3,2,"#eead0eff"
40252,3,2,"#eead0eff"
40253,3,2,"#eead0eff"
40394,2,1,"#cd2626ff"
40395,2,1,"#cd2626ff"
40402,2,1,"#cd2626ff"
40403,3,2,"#eead0eff"
40416,5,4,"#6ca6cdff"
40417,2,1,"#cd2626ff"
40418,2,1,"#cd2626ff"
40419,5,4,"#6ca6cdff"
40420,5,4,"#6ca6cdff"
40421,5,4,"#6ca6cdff"
40422,5,4,"#6ca6cdff"
40423,5,4,"#6ca6cdff"
40426,5,4,"#6ca6cdff"
40427,5,4,"#6ca6cdff"
40428,5,4,"#6ca6cdff"
40536,1,3,"#43cd80ff"
40537,3,2,"#eead0eff"
40539,5,4,"#6ca6cdff"
40540,5,4,"#6ca6cdff"
40560,3,2,"#eead0eff"
40570,1,3,"#43cd80ff"
40571,2,1,"#cd2626ff"
40573,1,3,"#43cd80ff"
40589,3,2,"#eead0eff"
40590,3,2,"#eead0eff"
40591,3,2,"#eead0eff"
40592,3,2,"#eead0eff"
40613,3,2,"#eead0eff"
40614,3,2,"#eead0eff"
40615,3,2,"#eead0eff"
40753,2,1,"#cd2626ff"
40754,2,1,"#cd2626ff"
40763,2,1,"#cd2626ff"
40777,2,1,"#cd2626ff"
40778,2,1,"#cd2626ff"
40779,2,1,"#cd2626ff"
40780,5,4,"#6ca6cdff"
40781,2,1,"#cd2626ff"
40783,5,4,"#6ca6cdff"
40784,5,4,"#6ca6cdff"
40785,5,4,"#6ca6cdff"
40786,5,4,"#6ca6cdff"
40896,1,3,"#43cd80ff"
40899,5,4,"#6ca6cdff"
40913,3,2,"#eead0eff"
40919,2,1,"#cd2626ff"
40928,2,1,"#cd2626ff"
40929,2,1,"#cd2626ff"
40931,2,1,"#cd2626ff"
40978,3,2,"#eead0eff"
40981,3,2,"#eead0eff"
41108,2,1,"#cd2626ff"
41109,2,1,"#cd2626ff"
41110,2,1,"#cd2626ff"
41112,2,1,"#cd2626ff"
41113,2,1,"#cd2626ff"
41138,5,4,"#6ca6cdff"
41139,5,4,"#6ca6cdff"
41140,2,1,"#cd2626ff"
41142,5,4,"#6ca6cdff"
41143,5,4,"#6ca6cdff"
41144,5,4,"#6ca6cdff"
41145,5,4,"#6ca6cdff"
41256,1,3,"#43cd80ff"
41258,5,4,"#6ca6cdff"
41259,5,4,"#6ca6cdff"
41273,3,2,"#eead0eff"
41274,2,1,"#cd2626ff"
41275,2,1,"#cd2626ff"
41277,5,4,"#6ca6cdff"
41287,3,2,"#eead0eff"
41288,2,1,"#cd2626ff"
41289,2,1,"#cd2626ff"
41338,3,2,"#eead0eff"
41339,3,2,"#eead0eff"
41341,3,2,"#eead0eff"
41344,5,4,"#6ca6cdff"
41345,2,1,"#cd2626ff"
41346,2,1,"#cd2626ff"
41468,2,1,"#cd2626ff"
41469,2,1,"#cd2626ff"
41471,2,1,"#cd2626ff"
41472,2,1,"#cd2626ff"
41483,2,1,"#cd2626ff"
41499,2,1,"#cd2626ff"
41500,2,1,"#cd2626ff"
41501,5,4,"#6ca6cdff"
41502,5,4,"#6ca6cdff"
41503,5,4,"#6ca6cdff"
41504,5,4,"#6ca6cdff"
41615,1,3,"#43cd80ff"
41617,5,4,"#6ca6cdff"
41618,5,4,"#6ca6cdff"
41631,5,4,"#6ca6cdff"
41632,3,2,"#eead0eff"
41636,5,4,"#6ca6cdff"
41637,5,4,"#6ca6cdff"
41638,5,4,"#6ca6cdff"
41639,5,4,"#6ca6cdff"
41642,5,4,"#6ca6cdff"
41644,5,4,"#6ca6cdff"
41645,5,4,"#6ca6cdff"
41647,3,2,"#eead0eff"
41699,3,2,"#eead0eff"
41700,3,2,"#eead0eff"
41702,3,2,"#eead0eff"
41827,5,4,"#6ca6cdff"
41828,5,4,"#6ca6cdff"
41829,2,1,"#cd2626ff"
41831,2,1,"#cd2626ff"
41843,3,2,"#eead0eff"
41858,2,1,"#cd2626ff"
41859,2,1,"#cd2626ff"
41860,2,1,"#cd2626ff"
41862,5,4,"#6ca6cdff"
41863,5,4,"#6ca6cdff"
41864,5,4,"#6ca6cdff"
41974,1,3,"#43cd80ff"
41975,1,3,"#43cd80ff"
41976,5,4,"#6ca6cdff"
41977,5,4,"#6ca6cdff"
41990,3,2,"#eead0eff"
41991,3,2,"#eead0eff"
41992,5,4,"#6ca6cdff"
41996,3,2,"#eead0eff"
41997,3,2,"#eead0eff"
41998,5,4,"#6ca6cdff"
42060,3,2,"#eead0eff"
42061,3,2,"#eead0eff"
42068,2,1,"#cd2626ff"
42069,2,1,"#cd2626ff"
42186,2,1,"#cd2626ff"
42187,2,1,"#cd2626ff"
42188,2,1,"#cd2626ff"
42189,2,1,"#cd2626ff"
42190,2,1,"#cd2626ff"
42191,2,1,"#cd2626ff"
42218,2,1,"#cd2626ff"
42220,2,1,"#cd2626ff"
42222,5,4,"#6ca6cdff"
42223,5,4,"#6ca6cdff"
42336,1,3,"#43cd80ff"
42350,3,2,"#eead0eff"
42356,3,2,"#eead0eff"
42357,5,4,"#6ca6cdff"
42421,3,2,"#eead0eff"
42548,5,4,"#6ca6cdff"
42549,2,1,"#cd2626ff"
42578,2,1,"#cd2626ff"
42580,5,4,"#6ca6cdff"
42695,1,3,"#43cd80ff"
42782,3,2,"#eead0eff"
42908,5,4,"#6ca6cdff"
42929,5,4,"#6ca6cdff"
42930,5,4,"#6ca6cdff"
42931,5,4,"#6ca6cdff"
42932,5,4,"#6ca6cdff"
42937,5,4,"#6ca6cdff"
42938,5,4,"#6ca6cdff"
42940,5,4,"#6ca6cdff"
43983,5,4,"#6ca6cdff"
44342,5,4,"#6ca6cdff"
44343,5,4,"#6ca6cdff"
15828,2,1,"#cd2626ff"
15829,3,2,"#eead0eff"
15830,3,2,"#eead0eff"
15831,2,1,"#cd2626ff"
16191,3,2,"#eead0eff"
16548,2,1,"#cd2626ff"
16552,3,2,"#eead0eff"
16675,5,4,"#6ca6cdff"
16886,4,5,"#b452cdff"
16887,4,5,"#b452cdff"
16888,2,1,"#cd2626ff"
16909,2,1,"#cd2626ff"
16910,2,1,"#cd2626ff"
16911,3,2,"#eead0eff"
16913,3,2,"#eead0eff"
17036,2,1,"#cd2626ff"
17246,3,2,"#eead0eff"
17248,2,1,"#cd2626ff"
17249,4,5,"#b452cdff"
17271,2,1,"#cd2626ff"
17272,2,1,"#cd2626ff"
17274,3,2,"#eead0eff"
17398,2,1,"#cd2626ff"
17605,2,1,"#cd2626ff"
17606,2,1,"#cd2626ff"
17607,2,1,"#cd2626ff"
17608,2,1,"#cd2626ff"
17609,4,5,"#b452cdff"
17632,3,2,"#eead0eff"
17633,3,2,"#eead0eff"
17634,3,2,"#eead0eff"
17635,3,2,"#eead0eff"
17756,5,4,"#6ca6cdff"
17758,5,4,"#6ca6cdff"
17964,2,1,"#cd2626ff"
17965,2,1,"#cd2626ff"
17966,2,1,"#cd2626ff"
17968,2,1,"#cd2626ff"
17969,2,1,"#cd2626ff"
17993,3,2,"#eead0eff"
17994,3,2,"#eead0eff"
17996,2,1,"#cd2626ff"
17997,3,2,"#eead0eff"
18118,5,4,"#6ca6cdff"
18119,5,4,"#6ca6cdff"
18324,2,1,"#cd2626ff"
18327,2,1,"#cd2626ff"
18328,5,4,"#6ca6cdff"
18356,2,1,"#cd2626ff"
18357,3,2,"#eead0eff"
18358,3,2,"#eead0eff"
18478,5,4,"#6ca6cdff"
18479,5,4,"#6ca6cdff"
18681,2,1,"#cd2626ff"
18682,2,1,"#cd2626ff"
18683,1,3,"#43cd80ff"
18688,2,1,"#cd2626ff"
18715,2,1,"#cd2626ff"
18843,5,4,"#6ca6cdff"
19045,2,1,"#cd2626ff"
19048,2,1,"#cd2626ff"
19049,2,1,"#cd2626ff"
19050,4,5,"#b452cdff"
19078,3,2,"#eead0eff"
19397,5,4,"#6ca6cdff"
19400,4,5,"#b452cdff"
19737,2,1,"#cd2626ff"
19738,4,5,"#b452cdff"
19758,4,5,"#b452cdff"
19759,1,3,"#43cd80ff"
19924,2,1,"#cd2626ff"
19925,2,1,"#cd2626ff"
20001,2,1,"#cd2626ff"
20002,2,1,"#cd2626ff"
20004,2,1,"#cd2626ff"
20096,4,5,"#b452cdff"
20097,1,3,"#43cd80ff"
20098,4,5,"#b452cdff"
20099,4,5,"#b452cdff"
20100,4,5,"#b452cdff"
20116,4,5,"#b452cdff"
20365,2,1,"#cd2626ff"
20366,2,1,"#cd2626ff"
20456,1,3,"#43cd80ff"
20648,3,2,"#eead0eff"
20719,2,1,"#cd2626ff"
20816,1,3,"#43cd80ff"
20989,3,2,"#eead0eff"
21008,2,1,"#cd2626ff"
21009,5,4,"#6ca6cdff"
21079,5,4,"#6ca6cdff"
21176,1,3,"#43cd80ff"
21214,2,1,"#cd2626ff"
21349,3,2,"#eead0eff"
21709,2,1,"#cd2626ff"
22069,5,4,"#6ca6cdff"
22430,3,2,"#eead0eff"
23624,4,5,"#b452cdff"
25310,5,4,"#6ca6cdff"
25670,2,1,"#cd2626ff"
26029,2,1,"#cd2626ff"
26030,3,2,"#eead0eff"
26225,4,5,"#b452cdff"
26597,4,5,"#b452cdff"
26951,2,1,"#cd2626ff"
27464,5,4,"#6ca6cdff"
27823,2,1,"#cd2626ff"
27824,2,1,"#cd2626ff"
28183,2,1,"#cd2626ff"
28543,5,4,"#6ca6cdff"
29621,5,4,"#6ca6cdff"
29981,5,4,"#6ca6cdff"
30340,5,4,"#6ca6cdff"
37405,1,3,"#43cd80ff"
38126,2,1,"#cd2626ff"
39169,3,2,"#eead0eff"
39264,5,4,"#6ca6cdff"
39265,5,4,"#6ca6cdff"
39624,5,4,"#6ca6cdff"
39625,5,4,"#6ca6cdff"
40254,3,2,"#eead0eff"
40608,2,1,"#cd2626ff"
40616,3,2,"#eead0eff"
40617,3,2,"#eead0eff"
40621,3,2,"#eead0eff"
40974,3,2,"#eead0eff"
40977,3,2,"#eead0eff"
40979,3,2,"#eead0eff"
41123,2,1,"#cd2626ff"
41272,3,2,"#eead0eff"
42062,3,2,"#eead0eff"
42203,2,1,"#cd2626ff"
42204,2,1,"#cd2626ff"
42219,2,1,"#cd2626ff"
42422,3,2,"#eead0eff"
42546,2,1,"#cd2626ff"
42563,2,1,"#cd2626ff"
42564,2,1,"#cd2626ff"
42565,2,1,"#cd2626ff"
42571,2,1,"#cd2626ff"
42781,3,2,"#eead0eff"
42925,3,2,"#eead0eff"
42926,2,1,"#cd2626ff"
42927,2,1,"#cd2626ff"
42928,2,1,"#cd2626ff"
42935,2,1,"#cd2626ff"
42936,2,1,"#cd2626ff"
42939,2,1,"#cd2626ff"
43142,3,2,"#eead0eff"
43143,3,2,"#eead0eff"
43264,2,1,"#cd2626ff"
43265,2,1,"#cd2626ff"
43287,2,1,"#cd2626ff"
43290,2,1,"#cd2626ff"
43291,2,1,"#cd2626ff"
43292,2,1,"#cd2626ff"
43293,2,1,"#cd2626ff"
43294,2,1,"#cd2626ff"
43295,2,1,"#cd2626ff"
43296,2,1,"#cd2626ff"
43297,2,1,"#cd2626ff"
43299,2,1,"#cd2626ff"
43497,2,1,"#cd2626ff"
43501,3,2,"#eead0eff"
43502,3,2,"#eead0eff"
43503,3,2,"#eead0eff"
43624,5,4,"#6ca6cdff"
43625,5,4,"#6ca6cdff"
43626,5,4,"#6ca6cdff"
43627,5,4,"#6ca6cdff"
43659,2,1,"#cd2626ff"
43660,2,1,"#cd2626ff"
43861,3,2,"#eead0eff"
43862,3,2,"#eead0eff"
43863,3,2,"#eead0eff"
43986,5,4,"#6ca6cdff"
44019,2,1,"#cd2626ff"
44020,2,1,"#cd2626ff"
44021,2,1,"#cd2626ff"
44221,3,2,"#eead0eff"
44222,3,2,"#eead0eff"
44381,2,1,"#cd2626ff"
44382,3,2,"#eead0eff"
44383,3,2,"#eead0eff"
44581,3,2,"#eead0eff"
44700,5,4,"#6ca6cdff"
44701,5,4,"#6ca6cdff"
44702,5,4,"#6ca6cdff"
44743,3,2,"#eead0eff"
44744,3,2,"#eead0eff"
44853,1,3,"#43cd80ff"
44854,4,5,"#b452cdff"
44940,3,2,"#eead0eff"
44941,3,2,"#eead0eff"
45059,5,4,"#6ca6cdff"
45060,5,4,"#6ca6cdff"
45103,2,1,"#cd2626ff"
45104,3,2,"#eead0eff"
45105,3,2,"#eead0eff"
45300,3,2,"#eead0eff"
45301,3,2,"#eead0eff"
45418,5,4,"#6ca6cdff"
45419,5,4,"#6ca6cdff"
45464,3,2,"#eead0eff"
45465,2,1,"#cd2626ff"
45533,2,1,"#cd2626ff"
45534,3,2,"#eead0eff"
45535,2,1,"#cd2626ff"
45575,1,3,"#43cd80ff"
45576,3,2,"#eead0eff"
45577,1,3,"#43cd80ff"
45661,3,2,"#eead0eff"
45662,3,2,"#eead0eff"
45663,3,2,"#eead0eff"
45778,3,2,"#eead0eff"
45779,5,4,"#6ca6cdff"
45824,3,2,"#eead0eff"
45825,2,1,"#cd2626ff"
45892,2,1,"#cd2626ff"
45893,2,1,"#cd2626ff"
45894,3,2,"#eead0eff"
45900,3,2,"#eead0eff"
45913,3,2,"#eead0eff"
45916,3,2,"#eead0eff"
45928,3,2,"#eead0eff"
45929,3,2,"#eead0eff"
46018,3,2,"#eead0eff"
46019,3,2,"#eead0eff"
46020,3,2,"#eead0eff"
46022,3,2,"#eead0eff"
46023,3,2,"#eead0eff"
46137,5,4,"#6ca6cdff"
46138,3,2,"#eead0eff"
46139,5,4,"#6ca6cdff"
46183,3,2,"#eead0eff"
46184,3,2,"#eead0eff"
46185,3,2,"#eead0eff"
46186,3,2,"#eead0eff"
46251,3,2,"#eead0eff"
46252,3,2,"#eead0eff"
46260,3,2,"#eead0eff"
46269,3,2,"#eead0eff"
46270,3,2,"#eead0eff"
46276,3,2,"#eead0eff"
46287,3,2,"#eead0eff"
46288,3,2,"#eead0eff"
46378,3,2,"#eead0eff"
46379,3,2,"#eead0eff"
46380,3,2,"#eead0eff"
46497,5,4,"#6ca6cdff"
46544,3,2,"#eead0eff"
46545,3,2,"#eead0eff"
46546,3,2,"#eead0eff"
46611,3,2,"#eead0eff"
46620,3,2,"#eead0eff"
46623,3,2,"#eead0eff"
46624,3,2,"#eead0eff"
46625,3,2,"#eead0eff"
46629,3,2,"#eead0eff"
46630,3,2,"#eead0eff"
46639,3,2,"#eead0eff"
46640,3,2,"#eead0eff"
46641,3,2,"#eead0eff"
46647,3,2,"#eead0eff"
46738,3,2,"#eead0eff"
46739,3,2,"#eead0eff"
46740,3,2,"#eead0eff"
46742,3,2,"#eead0eff"
46744,3,2,"#eead0eff"
46745,3,2,"#eead0eff"
46856,5,4,"#6ca6cdff"
46906,3,2,"#eead0eff"
46907,3,2,"#eead0eff"
46908,1,3,"#43cd80ff"
46972,3,2,"#eead0eff"
46981,3,2,"#eead0eff"
46989,3,2,"#eead0eff"
46990,3,2,"#eead0eff"
46997,1,3,"#43cd80ff"
46998,3,2,"#eead0eff"
46999,3,2,"#eead0eff"
47000,2,1,"#cd2626ff"
47006,1,3,"#43cd80ff"
47007,3,2,"#eead0eff"
47008,3,2,"#eead0eff"
47009,3,2,"#eead0eff"
47010,3,2,"#eead0eff"
47101,3,2,"#eead0eff"
47102,3,2,"#eead0eff"
47103,3,2,"#eead0eff"
47105,3,2,"#eead0eff"
47216,5,4,"#6ca6cdff"
47267,3,2,"#eead0eff"
47268,3,2,"#eead0eff"
47269,3,2,"#eead0eff"
47270,1,3,"#43cd80ff"
47271,1,3,"#43cd80ff"
47332,3,2,"#eead0eff"
47343,3,2,"#eead0eff"
47350,3,2,"#eead0eff"
47356,1,3,"#43cd80ff"
47360,2,1,"#cd2626ff"
47376,1,3,"#43cd80ff"
47377,1,3,"#43cd80ff"
47378,1,3,"#43cd80ff"
47462,3,2,"#eead0eff"
47576,5,4,"#6ca6cdff"
47629,1,3,"#43cd80ff"
47630,1,3,"#43cd80ff"
47691,3,2,"#eead0eff"
47692,3,2,"#eead0eff"
47703,3,2,"#eead0eff"
47704,3,2,"#eead0eff"
47709,3,2,"#eead0eff"
47710,3,2,"#eead0eff"
47711,3,2,"#eead0eff"
47712,3,2,"#eead0eff"
47719,3,2,"#eead0eff"
47936,5,4,"#6ca6cdff"
47990,1,3,"#43cd80ff"
47991,1,3,"#43cd80ff"
47994,2,1,"#cd2626ff"
47995,2,1,"#cd2626ff"
47996,1,3,"#43cd80ff"
48052,3,2,"#eead0eff"
48053,3,2,"#eead0eff"
48054,3,2,"#eead0eff"
48055,3,2,"#eead0eff"
48056,3,2,"#eead0eff"
48057,3,2,"#eead0eff"
48058,3,2,"#eead0eff"
48063,3,2,"#eead0eff"
48064,3,2,"#eead0eff"
48065,3,2,"#eead0eff"
48066,3,2,"#eead0eff"
48067,3,2,"#eead0eff"
48078,3,2,"#eead0eff"
48089,1,3,"#43cd80ff"
48296,5,4,"#6ca6cdff"
48297,5,4,"#6ca6cdff"
48351,1,3,"#43cd80ff"
48352,3,2,"#eead0eff"
48353,2,1,"#cd2626ff"
48354,2,1,"#cd2626ff"
48355,2,1,"#cd2626ff"
48356,1,3,"#43cd80ff"
48357,1,3,"#43cd80ff"
48358,1,3,"#43cd80ff"
48419,3,2,"#eead0eff"
48420,3,2,"#eead0eff"
48433,2,1,"#cd2626ff"
48436,3,2,"#eead0eff"
48449,4,5,"#b452cdff"
48656,5,4,"#6ca6cdff"
48657,5,4,"#6ca6cdff"
48713,1,3,"#43cd80ff"
48714,1,3,"#43cd80ff"
48715,1,3,"#43cd80ff"
48716,3,2,"#eead0eff"
48717,1,3,"#43cd80ff"
48718,1,3,"#43cd80ff"
48719,1,3,"#43cd80ff"
48720,1,3,"#43cd80ff"
48721,2,1,"#cd2626ff"
48779,3,2,"#eead0eff"
48780,3,2,"#eead0eff"
48793,3,2,"#eead0eff"
48794,3,2,"#eead0eff"
49016,5,4,"#6ca6cdff"
49017,5,4,"#6ca6cdff"
49075,2,1,"#cd2626ff"
49076,2,1,"#cd2626ff"
49077,2,1,"#cd2626ff"
49078,2,1,"#cd2626ff"
49079,2,1,"#cd2626ff"
49080,2,1,"#cd2626ff"
49081,1,3,"#43cd80ff"
49138,3,2,"#eead0eff"
49139,3,2,"#eead0eff"
49376,5,4,"#6ca6cdff"
49377,5,4,"#6ca6cdff"
49378,5,4,"#6ca6cdff"
49434,2,1,"#cd2626ff"
49435,2,1,"#cd2626ff"
49436,1,3,"#43cd80ff"
49440,2,1,"#cd2626ff"
49496,3,2,"#eead0eff"
49497,3,2,"#eead0eff"
49498,3,2,"#eead0eff"
49499,3,2,"#eead0eff"
49735,5,4,"#6ca6cdff"
49736,5,4,"#6ca6cdff"
49737,5,4,"#6ca6cdff"
49738,5,4,"#6ca6cdff"
49794,2,1,"#cd2626ff"
49796,2,1,"#cd2626ff"
49856,3,2,"#eead0eff"
49857,3,2,"#eead0eff"
49858,3,2,"#eead0eff"
49859,3,2,"#eead0eff"
50093,5,4,"#6ca6cdff"
50094,5,4,"#6ca6cdff"
50095,5,4,"#6ca6cdff"
50096,5,4,"#6ca6cdff"
50097,5,4,"#6ca6cdff"
50098,5,4,"#6ca6cdff"
50219,3,2,"#eead0eff"
50220,3,2,"#eead0eff"
50221,3,2,"#eead0eff"
50452,5,4,"#6ca6cdff"
50453,5,4,"#6ca6cdff"
50454,5,4,"#6ca6cdff"
50455,5,4,"#6ca6cdff"
50456,5,4,"#6ca6cdff"
50575,3,2,"#eead0eff"
50576,3,2,"#eead0eff"
50577,3,2,"#eead0eff"
50578,3,2,"#eead0eff"
50579,3,2,"#eead0eff"
50580,3,2,"#eead0eff"
50581,3,2,"#eead0eff"
50582,3,2,"#eead0eff"
50809,5,4,"#6ca6cdff"
50812,5,4,"#6ca6cdff"
50813,5,4,"#6ca6cdff"
50814,5,4,"#6ca6cdff"
50815,5,4,"#6ca6cdff"
50930,3,2,"#eead0eff"
50931,3,2,"#eead0eff"
50932,3,2,"#eead0eff"
50933,3,2,"#eead0eff"
50935,3,2,"#eead0eff"
50936,3,2,"#eead0eff"
50937,3,2,"#eead0eff"
50938,3,2,"#eead0eff"
50940,3,2,"#eead0eff"
50941,3,2,"#eead0eff"
50942,3,2,"#eead0eff"
50943,3,2,"#eead0eff"
50944,3,2,"#eead0eff"
50945,3,2,"#eead0eff"
51168,5,4,"#6ca6cdff"
51169,5,4,"#6ca6cdff"
51170,5,4,"#6ca6cdff"
51171,5,4,"#6ca6cdff"
51172,5,4,"#6ca6cdff"
51173,5,4,"#6ca6cdff"
51174,5,4,"#6ca6cdff"
51290,3,2,"#eead0eff"
51291,3,2,"#eead0eff"
51292,3,2,"#eead0eff"
51293,3,2,"#eead0eff"
51294,3,2,"#eead0eff"
51296,3,2,"#eead0eff"
51297,3,2,"#eead0eff"
51300,3,2,"#eead0eff"
51301,3,2,"#eead0eff"
51302,3,2,"#eead0eff"
51305,2,1,"#cd2626ff"
51306,3,2,"#eead0eff"
51527,5,4,"#6ca6cdff"
51528,5,4,"#6ca6cdff"
51529,5,4,"#6ca6cdff"
51530,5,4,"#6ca6cdff"
51531,5,4,"#6ca6cdff"
51532,5,4,"#6ca6cdff"
51533,5,4,"#6ca6cdff"
51650,3,2,"#eead0eff"
51651,3,2,"#eead0eff"
51652,3,2,"#eead0eff"
51654,3,2,"#eead0eff"
51656,3,2,"#eead0eff"
51657,3,2,"#eead0eff"
51658,3,2,"#eead0eff"
51660,3,2,"#eead0eff"
51661,3,2,"#eead0eff"
51665,3,2,"#eead0eff"
51666,3,2,"#eead0eff"
51667,3,2,"#eead0eff"
51668,3,2,"#eead0eff"
51669,3,2,"#eead0eff"
51670,3,2,"#eead0eff"
51671,3,2,"#eead0eff"
51887,5,4,"#6ca6cdff"
51888,5,4,"#6ca6cdff"
51889,5,4,"#6ca6cdff"
51890,5,4,"#6ca6cdff"
51891,5,4,"#6ca6cdff"
51892,5,4,"#6ca6cdff"
52010,3,2,"#eead0eff"
52011,3,2,"#eead0eff"
52012,3,2,"#eead0eff"
52013,3,2,"#eead0eff"
52014,3,2,"#eead0eff"
52015,3,2,"#eead0eff"
52016,3,2,"#eead0eff"
52017,3,2,"#eead0eff"
52018,3,2,"#eead0eff"
52019,3,2,"#eead0eff"
52029,3,2,"#eead0eff"
52030,3,2,"#eead0eff"
52031,3,2,"#eead0eff"
52032,3,2,"#eead0eff"
52033,2,1,"#cd2626ff"
52247,5,4,"#6ca6cdff"
52248,5,4,"#6ca6cdff"
52249,5,4,"#6ca6cdff"
52250,5,4,"#6ca6cdff"
52251,5,4,"#6ca6cdff"
52372,3,2,"#eead0eff"
52373,3,2,"#eead0eff"
52374,3,2,"#eead0eff"
52377,3,2,"#eead0eff"
52378,2,1,"#cd2626ff"
52379,3,2,"#eead0eff"
52389,3,2,"#eead0eff"
52390,3,2,"#eead0eff"
52391,3,2,"#eead0eff"
52392,3,2,"#eead0eff"
52393,3,2,"#eead0eff"
52395,3,2,"#eead0eff"
52586,5,4,"#6ca6cdff"
52587,5,4,"#6ca6cdff"
52605,5,4,"#6ca6cdff"
52606,5,4,"#6ca6cdff"
52607,5,4,"#6ca6cdff"
52608,5,4,"#6ca6cdff"
52609,5,4,"#6ca6cdff"
52734,3,2,"#eead0eff"
52735,3,2,"#eead0eff"
52737,3,2,"#eead0eff"
52749,3,2,"#eead0eff"
52750,3,2,"#eead0eff"
52751,3,2,"#eead0eff"
52753,3,2,"#eead0eff"
52755,3,2,"#eead0eff"
52756,3,2,"#eead0eff"
52757,3,2,"#eead0eff"
52946,5,4,"#6ca6cdff"
52947,5,4,"#6ca6cdff"
52948,5,4,"#6ca6cdff"
52964,5,4,"#6ca6cdff"
52965,5,4,"#6ca6cdff"
52966,5,4,"#6ca6cdff"
52967,5,4,"#6ca6cdff"
52968,5,4,"#6ca6cdff"
53093,3,2,"#eead0eff"
53094,3,2,"#eead0eff"
53095,3,2,"#eead0eff"
53096,3,2,"#eead0eff"
53097,3,2,"#eead0eff"
53098,3,2,"#eead0eff"
53109,3,2,"#eead0eff"
53110,3,2,"#eead0eff"
53111,3,2,"#eead0eff"
53112,3,2,"#eead0eff"
53113,3,2,"#eead0eff"
53117,3,2,"#eead0eff"
53119,3,2,"#eead0eff"
53124,3,2,"#eead0eff"
53127,3,2,"#eead0eff"
53299,5,4,"#6ca6cdff"
53300,5,4,"#6ca6cdff"
53301,5,4,"#6ca6cdff"
53302,5,4,"#6ca6cdff"
53303,5,4,"#6ca6cdff"
53304,5,4,"#6ca6cdff"
53307,5,4,"#6ca6cdff"
53308,5,4,"#6ca6cdff"
53309,5,4,"#6ca6cdff"
53323,5,4,"#6ca6cdff"
53324,5,4,"#6ca6cdff"
53325,5,4,"#6ca6cdff"
53326,5,4,"#6ca6cdff"
53327,5,4,"#6ca6cdff"
53454,3,2,"#eead0eff"
53456,3,2,"#eead0eff"
53472,3,2,"#eead0eff"
53477,3,2,"#eead0eff"
53478,3,2,"#eead0eff"
53479,3,2,"#eead0eff"
53483,2,1,"#cd2626ff"
53656,3,2,"#eead0eff"
53657,3,2,"#eead0eff"
53658,3,2,"#eead0eff"
53659,5,4,"#6ca6cdff"
53660,5,4,"#6ca6cdff"
53662,5,4,"#6ca6cdff"
53666,5,4,"#6ca6cdff"
53667,5,4,"#6ca6cdff"
53668,5,4,"#6ca6cdff"
53669,5,4,"#6ca6cdff"
53670,5,4,"#6ca6cdff"
53671,5,4,"#6ca6cdff"
53672,5,4,"#6ca6cdff"
53673,5,4,"#6ca6cdff"
53676,5,4,"#6ca6cdff"
53677,5,4,"#6ca6cdff"
53679,5,4,"#6ca6cdff"
53680,5,4,"#6ca6cdff"
53681,5,4,"#6ca6cdff"
53682,5,4,"#6ca6cdff"
53683,5,4,"#6ca6cdff"
53685,5,4,"#6ca6cdff"
53838,3,2,"#eead0eff"
53839,3,2,"#eead0eff"
53840,3,2,"#eead0eff"
53844,3,2,"#eead0eff"
54016,3,2,"#eead0eff"
54017,5,4,"#6ca6cdff"
54018,3,2,"#eead0eff"
54028,5,4,"#6ca6cdff"
54029,5,4,"#6ca6cdff"
54030,5,4,"#6ca6cdff"
54031,5,4,"#6ca6cdff"
54032,5,4,"#6ca6cdff"
54033,5,4,"#6ca6cdff"
54034,5,4,"#6ca6cdff"
54035,5,4,"#6ca6cdff"
54036,5,4,"#6ca6cdff"
54037,5,4,"#6ca6cdff"
54198,3,2,"#eead0eff"
54199,3,2,"#eead0eff"
54200,2,1,"#cd2626ff"
54201,2,1,"#cd2626ff"
54202,3,2,"#eead0eff"
54203,3,2,"#eead0eff"
54204,3,2,"#eead0eff"
54205,3,2,"#eead0eff"
54206,3,2,"#eead0eff"
54207,3,2,"#eead0eff"
54208,1,3,"#43cd80ff"
54374,5,4,"#6ca6cdff"
54375,5,4,"#6ca6cdff"
54376,5,4,"#6ca6cdff"
54389,5,4,"#6ca6cdff"
54390,5,4,"#6ca6cdff"
54391,5,4,"#6ca6cdff"
54392,5,4,"#6ca6cdff"
54393,5,4,"#6ca6cdff"
54394,5,4,"#6ca6cdff"
54558,3,2,"#eead0eff"
54562,3,2,"#eead0eff"
54735,2,1,"#cd2626ff"
54736,3,2,"#eead0eff"
54918,3,2,"#eead0eff"
54919,3,2,"#eead0eff"
54922,3,2,"#eead0eff"
55096,5,4,"#6ca6cdff"
55097,5,4,"#6ca6cdff"
55098,5,4,"#6ca6cdff"
55279,3,2,"#eead0eff"
55280,3,2,"#eead0eff"
55281,3,2,"#eead0eff"
55282,3,2,"#eead0eff"
55283,3,2,"#eead0eff"
55454,5,4,"#6ca6cdff"
55455,5,4,"#6ca6cdff"
55456,5,4,"#6ca6cdff"
55457,5,4,"#6ca6cdff"
55458,5,4,"#6ca6cdff"
55459,5,4,"#6ca6cdff"
55597,3,2,"#eead0eff"
55598,3,2,"#eead0eff"
55599,3,2,"#eead0eff"
55605,3,2,"#eead0eff"
55606,3,2,"#eead0eff"
55641,3,2,"#eead0eff"
55642,2,1,"#cd2626ff"
55645,3,2,"#eead0eff"
55646,3,2,"#eead0eff"
55812,5,4,"#6ca6cdff"
55813,5,4,"#6ca6cdff"
55814,5,4,"#6ca6cdff"
55957,3,2,"#eead0eff"
55959,3,2,"#eead0eff"
55962,3,2,"#eead0eff"
55967,3,2,"#eead0eff"
56002,3,2,"#eead0eff"
56003,3,2,"#eead0eff"
56004,3,2,"#eead0eff"
56005,4,5,"#b452cdff"
56006,2,1,"#cd2626ff"
56178,1,3,"#43cd80ff"
56179,1,3,"#43cd80ff"
56535,5,4,"#6ca6cdff"
56536,2,1,"#cd2626ff"
56537,1,3,"#43cd80ff"
56538,1,3,"#43cd80ff"
56539,5,4,"#6ca6cdff"
56894,3,2,"#eead0eff"
56895,2,1,"#cd2626ff"
56896,5,4,"#6ca6cdff"
57129,4,5,"#b452cdff"
57222,4,5,"#b452cdff"
57230,4,5,"#b452cdff"
57231,4,5,"#b452cdff"
57257,4,5,"#b452cdff"
57258,4,5,"#b452cdff"
57275,5,4,"#6ca6cdff"
57276,5,4,"#6ca6cdff"
57278,4,5,"#b452cdff"
57279,4,5,"#b452cdff"
57580,4,5,"#b452cdff"
57581,4,5,"#b452cdff"
57582,4,5,"#b452cdff"
57587,4,5,"#b452cdff"
57588,4,5,"#b452cdff"
57589,4,5,"#b452cdff"
57590,4,5,"#b452cdff"
57596,1,3,"#43cd80ff"
57599,4,5,"#b452cdff"
57618,1,3,"#43cd80ff"
57619,1,3,"#43cd80ff"
57620,1,3,"#43cd80ff"
57621,1,3,"#43cd80ff"
57622,4,5,"#b452cdff"
57624,1,3,"#43cd80ff"
57625,1,3,"#43cd80ff"
57626,5,4,"#6ca6cdff"
57627,4,5,"#b452cdff"
57628,1,3,"#43cd80ff"
57629,1,3,"#43cd80ff"
57630,1,3,"#43cd80ff"
57631,1,3,"#43cd80ff"
57632,1,3,"#43cd80ff"
57633,1,3,"#43cd80ff"
57634,4,5,"#b452cdff"
57635,5,4,"#6ca6cdff"
57636,1,3,"#43cd80ff"
57637,1,3,"#43cd80ff"
57638,5,4,"#6ca6cdff"
57932,4,5,"#b452cdff"
57933,4,5,"#b452cdff"
57934,4,5,"#b452cdff"
57935,4,5,"#b452cdff"
57939,4,5,"#b452cdff"
57940,4,5,"#b452cdff"
57949,4,5,"#b452cdff"
57983,1,3,"#43cd80ff"
57984,1,3,"#43cd80ff"
57985,2,1,"#cd2626ff"
57986,5,4,"#6ca6cdff"
58278,4,5,"#b452cdff"
58279,4,5,"#b452cdff"
58290,4,5,"#b452cdff"
58291,4,5,"#b452cdff"
58292,4,5,"#b452cdff"
58293,4,5,"#b452cdff"
58298,5,4,"#6ca6cdff"
58299,4,5,"#b452cdff"
58646,4,5,"#b452cdff"
58647,4,5,"#b452cdff"
58650,4,5,"#b452cdff"
58968,4,5,"#b452cdff"
58969,4,5,"#b452cdff"
17995,2,1,"#cd2626ff"
18719,2,1,"#cd2626ff"
19040,2,1,"#cd2626ff"
19041,2,1,"#cd2626ff"
20000,2,1,"#cd2626ff"
20003,3,2,"#eead0eff"
20005,2,1,"#cd2626ff"
20103,2,1,"#cd2626ff"
20359,2,1,"#cd2626ff"
20462,1,3,"#43cd80ff"
20464,2,1,"#cd2626ff"
20827,4,5,"#b452cdff"
20833,4,5,"#b452cdff"
20854,2,1,"#cd2626ff"
21193,4,5,"#b452cdff"
21220,4,5,"#b452cdff"
21535,1,3,"#43cd80ff"
21948,2,1,"#cd2626ff"
22254,2,1,"#cd2626ff"
22975,5,4,"#6ca6cdff"
23254,2,1,"#cd2626ff"
23335,5,4,"#6ca6cdff"
23615,2,1,"#cd2626ff"
23988,2,1,"#cd2626ff"
24093,2,1,"#cd2626ff"
24340,2,1,"#cd2626ff"
24414,2,1,"#cd2626ff"
24452,2,1,"#cd2626ff"
24453,2,1,"#cd2626ff"
24716,2,1,"#cd2626ff"
24811,2,1,"#cd2626ff"
24812,2,1,"#cd2626ff"
24813,2,1,"#cd2626ff"
25136,2,1,"#cd2626ff"
25171,2,1,"#cd2626ff"
25530,2,1,"#cd2626ff"
25702,2,1,"#cd2626ff"
25888,2,1,"#cd2626ff"
25889,2,1,"#cd2626ff"
25951,5,4,"#6ca6cdff"
25955,2,1,"#cd2626ff"
26062,2,1,"#cd2626ff"
26140,2,1,"#cd2626ff"
26219,3,2,"#eead0eff"
26250,2,1,"#cd2626ff"
26306,2,1,"#cd2626ff"
26511,2,1,"#cd2626ff"
26607,2,1,"#cd2626ff"
26988,2,1,"#cd2626ff"
27302,2,1,"#cd2626ff"
27685,2,1,"#cd2626ff"
28024,2,1,"#cd2626ff"
28045,2,1,"#cd2626ff"
28405,2,1,"#cd2626ff"
28668,2,1,"#cd2626ff"
28682,5,4,"#6ca6cdff"
28740,2,1,"#cd2626ff"
28764,2,1,"#cd2626ff"
29027,2,1,"#cd2626ff"
29097,2,1,"#cd2626ff"
29098,2,1,"#cd2626ff"
29102,2,1,"#cd2626ff"
29757,2,1,"#cd2626ff"
29773,2,1,"#cd2626ff"
29807,3,2,"#eead0eff"
29808,2,1,"#cd2626ff"
29829,2,1,"#cd2626ff"
29830,2,1,"#cd2626ff"
30132,2,1,"#cd2626ff"
30165,3,2,"#eead0eff"
30175,2,1,"#cd2626ff"
30182,2,1,"#cd2626ff"
30194,2,1,"#cd2626ff"
30474,2,1,"#cd2626ff"
30492,2,1,"#cd2626ff"
30493,2,1,"#cd2626ff"
30547,2,1,"#cd2626ff"
30548,2,1,"#cd2626ff"
30549,2,1,"#cd2626ff"
30550,2,1,"#cd2626ff"
30744,2,1,"#cd2626ff"
30893,3,2,"#eead0eff"
30909,2,1,"#cd2626ff"
30910,1,3,"#43cd80ff"
30911,2,1,"#cd2626ff"
31108,3,2,"#eead0eff"
31272,2,1,"#cd2626ff"
32000,2,1,"#cd2626ff"
32394,2,1,"#cd2626ff"
33014,2,1,"#cd2626ff"
33060,2,1,"#cd2626ff"
33094,3,2,"#eead0eff"
33113,5,4,"#6ca6cdff"
33405,1,3,"#43cd80ff"
34453,2,1,"#cd2626ff"
34476,3,2,"#eead0eff"
34534,2,1,"#cd2626ff"
34543,4,5,"#b452cdff"
34544,4,5,"#b452cdff"
34550,2,1,"#cd2626ff"
34834,2,1,"#cd2626ff"
34856,2,1,"#cd2626ff"
34866,1,3,"#43cd80ff"
34884,2,1,"#cd2626ff"
34900,2,1,"#cd2626ff"
35194,2,1,"#cd2626ff"
35214,3,2,"#eead0eff"
35244,2,1,"#cd2626ff"
35537,3,2,"#eead0eff"
35539,3,2,"#eead0eff"
35554,2,1,"#cd2626ff"
35567,3,2,"#eead0eff"
35580,5,4,"#6ca6cdff"
35608,2,1,"#cd2626ff"
35612,2,1,"#cd2626ff"
35628,2,1,"#cd2626ff"
35632,2,1,"#cd2626ff"
35897,3,2,"#eead0eff"
35913,2,1,"#cd2626ff"
35924,3,2,"#eead0eff"
35960,2,1,"#cd2626ff"
35966,3,2,"#eead0eff"
35981,2,1,"#cd2626ff"
36097,2,1,"#cd2626ff"
36120,2,1,"#cd2626ff"
36253,1,3,"#43cd80ff"
36256,3,2,"#eead0eff"
36257,3,2,"#eead0eff"
36290,3,2,"#eead0eff"
36474,2,1,"#cd2626ff"
36477,2,1,"#cd2626ff"
36613,3,2,"#eead0eff"
36616,3,2,"#eead0eff"
36649,3,2,"#eead0eff"
36945,3,2,"#eead0eff"
36975,3,2,"#eead0eff"
36976,3,2,"#eead0eff"
36981,3,2,"#eead0eff"
37010,3,2,"#eead0eff"
37335,3,2,"#eead0eff"
37341,3,2,"#eead0eff"
37664,3,2,"#eead0eff"
37695,3,2,"#eead0eff"
37701,3,2,"#eead0eff"
38054,3,2,"#eead0eff"
38414,3,2,"#eead0eff"
38449,3,2,"#eead0eff"
38637,2,1,"#cd2626ff"
38808,3,2,"#eead0eff"
38846,2,1,"#cd2626ff"
38978,2,1,"#cd2626ff"
39145,3,2,"#eead0eff"
39206,2,1,"#cd2626ff"
39341,2,1,"#cd2626ff"
39404,2,1,"#cd2626ff"
39505,3,2,"#eead0eff"
39506,3,2,"#eead0eff"
39566,2,1,"#cd2626ff"
39623,2,1,"#cd2626ff"
39708,2,1,"#cd2626ff"
39763,2,1,"#cd2626ff"
39764,2,1,"#cd2626ff"
39839,2,1,"#cd2626ff"
39889,3,2,"#eead0eff"
39902,2,1,"#cd2626ff"
40178,3,2,"#eead0eff"
40391,2,1,"#cd2626ff"
40918,2,1,"#cd2626ff"
41146,5,4,"#6ca6cdff"
41271,2,1,"#cd2626ff"
41343,2,1,"#cd2626ff"
41826,3,2,"#eead0eff"
42283,2,1,"#cd2626ff"
42284,2,1,"#cd2626ff"
42285,1,3,"#43cd80ff"
42334,1,3,"#43cd80ff"
42335,1,3,"#43cd80ff"
42349,5,4,"#6ca6cdff"
42429,2,1,"#cd2626ff"
42577,2,1,"#cd2626ff"
42643,2,1,"#cd2626ff"
42644,2,1,"#cd2626ff"
42645,2,1,"#cd2626ff"
42646,2,1,"#cd2626ff"
42647,2,1,"#cd2626ff"
42648,2,1,"#cd2626ff"
42693,3,2,"#eead0eff"
42694,2,1,"#cd2626ff"
42709,3,2,"#eead0eff"
42790,2,1,"#cd2626ff"
42905,3,2,"#eead0eff"
43007,2,1,"#cd2626ff"
43053,2,1,"#cd2626ff"
43054,3,2,"#eead0eff"
43055,1,3,"#43cd80ff"
43056,2,1,"#cd2626ff"
43069,3,2,"#eead0eff"
43150,2,1,"#cd2626ff"
43511,2,1,"#cd2626ff"
43758,2,1,"#cd2626ff"
43768,2,1,"#cd2626ff"
43769,2,1,"#cd2626ff"
43770,2,1,"#cd2626ff"
43771,2,1,"#cd2626ff"
43773,2,1,"#cd2626ff"
43774,2,1,"#cd2626ff"
43871,5,4,"#6ca6cdff"
44036,2,1,"#cd2626ff"
44124,4,5,"#b452cdff"
44136,3,2,"#eead0eff"
44230,3,2,"#eead0eff"
44233,2,1,"#cd2626ff"
44341,2,1,"#cd2626ff"
44471,3,2,"#eead0eff"
44472,2,1,"#cd2626ff"
44496,2,1,"#cd2626ff"
44587,3,2,"#eead0eff"
44590,3,2,"#eead0eff"
44591,3,2,"#eead0eff"
44814,3,2,"#eead0eff"
44832,5,4,"#6ca6cdff"
44855,1,3,"#43cd80ff"
44856,2,1,"#cd2626ff"
44947,3,2,"#eead0eff"
44948,3,2,"#eead0eff"
44949,3,2,"#eead0eff"
44957,3,2,"#eead0eff"
44959,2,1,"#cd2626ff"
45175,2,1,"#cd2626ff"
45178,3,2,"#eead0eff"
45191,3,2,"#eead0eff"
45192,3,2,"#eead0eff"
45195,3,2,"#eead0eff"
45204,1,3,"#43cd80ff"
45205,1,3,"#43cd80ff"
45206,2,1,"#cd2626ff"
45207,1,3,"#43cd80ff"
45208,1,3,"#43cd80ff"
45213,1,3,"#43cd80ff"
45214,2,1,"#cd2626ff"
45215,2,1,"#cd2626ff"
45216,2,1,"#cd2626ff"
45307,3,2,"#eead0eff"
45309,3,2,"#eead0eff"
45310,3,2,"#eead0eff"
45316,3,2,"#eead0eff"
45317,3,2,"#eead0eff"
45320,3,2,"#eead0eff"
45536,3,2,"#eead0eff"
45537,3,2,"#eead0eff"
45538,3,2,"#eead0eff"
45539,3,2,"#eead0eff"
45548,2,1,"#cd2626ff"
45549,3,2,"#eead0eff"
45551,3,2,"#eead0eff"
45555,3,2,"#eead0eff"
45556,3,2,"#eead0eff"
45562,3,2,"#eead0eff"
45563,2,1,"#cd2626ff"
45565,1,3,"#43cd80ff"
45566,1,3,"#43cd80ff"
45567,1,3,"#43cd80ff"
45568,1,3,"#43cd80ff"
45569,2,1,"#cd2626ff"
45571,2,1,"#cd2626ff"
45574,2,1,"#cd2626ff"
45666,3,2,"#eead0eff"
45667,3,2,"#eead0eff"
45670,3,2,"#eead0eff"
45678,3,2,"#eead0eff"
45899,3,2,"#eead0eff"
45909,2,1,"#cd2626ff"
45910,3,2,"#eead0eff"
45911,3,2,"#eead0eff"
45914,3,2,"#eead0eff"
45917,3,2,"#eead0eff"
45921,1,3,"#43cd80ff"
45922,1,3,"#43cd80ff"
45924,1,3,"#43cd80ff"
45925,1,3,"#43cd80ff"
45926,4,5,"#b452cdff"
45927,4,5,"#b452cdff"
45954,2,1,"#cd2626ff"
46025,3,2,"#eead0eff"
46026,3,2,"#eead0eff"
46027,3,2,"#eead0eff"
46029,3,2,"#eead0eff"
46030,3,2,"#eead0eff"
46038,3,2,"#eead0eff"
46040,3,2,"#eead0eff"
46261,3,2,"#eead0eff"
46272,2,1,"#cd2626ff"
46273,3,2,"#eead0eff"
46274,3,2,"#eead0eff"
46275,3,2,"#eead0eff"
46277,3,2,"#eead0eff"
46278,1,3,"#43cd80ff"
46281,1,3,"#43cd80ff"
46282,2,1,"#cd2626ff"
46283,1,3,"#43cd80ff"
46284,1,3,"#43cd80ff"
46285,1,3,"#43cd80ff"
46286,1,3,"#43cd80ff"
46309,2,1,"#cd2626ff"
46314,2,1,"#cd2626ff"
46389,3,2,"#eead0eff"
46399,3,2,"#eead0eff"
46402,3,2,"#eead0eff"
46636,3,2,"#eead0eff"
46637,3,2,"#eead0eff"
46638,3,2,"#eead0eff"
46643,2,1,"#cd2626ff"
46644,1,3,"#43cd80ff"
46669,2,1,"#cd2626ff"
46670,2,1,"#cd2626ff"
46674,2,1,"#cd2626ff"
46748,3,2,"#eead0eff"
46762,3,2,"#eead0eff"
46763,3,2,"#eead0eff"
46985,3,2,"#eead0eff"
46994,3,2,"#eead0eff"
46995,3,2,"#eead0eff"
46996,3,2,"#eead0eff"
47003,2,1,"#cd2626ff"
47004,1,3,"#43cd80ff"
47005,1,3,"#43cd80ff"
47030,2,1,"#cd2626ff"
47031,2,1,"#cd2626ff"
47110,3,2,"#eead0eff"
47121,2,1,"#cd2626ff"
47342,3,2,"#eead0eff"
47344,3,2,"#eead0eff"
47349,3,2,"#eead0eff"
47353,3,2,"#eead0eff"
47354,3,2,"#eead0eff"
47357,3,2,"#eead0eff"
47358,3,2,"#eead0eff"
47369,2,1,"#cd2626ff"
47470,3,2,"#eead0eff"
47481,3,2,"#eead0eff"
47707,3,2,"#eead0eff"
47716,1,3,"#43cd80ff"
47736,2,1,"#cd2626ff"
47748,2,1,"#cd2626ff"
47749,2,1,"#cd2626ff"
47753,2,1,"#cd2626ff"
47831,3,2,"#eead0eff"
47832,3,2,"#eead0eff"
47841,3,2,"#eead0eff"
47845,3,2,"#eead0eff"
48059,2,1,"#cd2626ff"
48068,3,2,"#eead0eff"
48069,3,2,"#eead0eff"
48070,2,1,"#cd2626ff"
48071,3,2,"#eead0eff"
48073,3,2,"#eead0eff"
48074,3,2,"#eead0eff"
48108,2,1,"#cd2626ff"
48192,3,2,"#eead0eff"
48205,3,2,"#eead0eff"
48206,3,2,"#eead0eff"
48207,3,2,"#eead0eff"
48429,3,2,"#eead0eff"
48430,3,2,"#eead0eff"
48434,2,1,"#cd2626ff"
48435,3,2,"#eead0eff"
48450,2,1,"#cd2626ff"
48454,1,3,"#43cd80ff"
48467,2,1,"#cd2626ff"
48468,2,1,"#cd2626ff"
48471,2,1,"#cd2626ff"
48472,2,1,"#cd2626ff"
48565,3,2,"#eead0eff"
48795,2,1,"#cd2626ff"
48814,2,1,"#cd2626ff"
48816,1,3,"#43cd80ff"
48817,1,3,"#43cd80ff"
48818,1,3,"#43cd80ff"
48828,2,1,"#cd2626ff"
48831,4,5,"#b452cdff"
48832,2,1,"#cd2626ff"
48833,2,1,"#cd2626ff"
48922,3,2,"#eead0eff"
49172,2,1,"#cd2626ff"
49175,2,1,"#cd2626ff"
49176,2,1,"#cd2626ff"
49177,2,1,"#cd2626ff"
49178,2,1,"#cd2626ff"
49179,2,1,"#cd2626ff"
49200,2,1,"#cd2626ff"
49201,2,1,"#cd2626ff"
49282,3,2,"#eead0eff"
49441,3,2,"#eead0eff"
49538,2,1,"#cd2626ff"
49539,2,1,"#cd2626ff"
49793,3,2,"#eead0eff"
50152,3,2,"#eead0eff"
50214,3,2,"#eead0eff"
50218,3,2,"#eead0eff"
50524,3,2,"#eead0eff"
50723,3,2,"#eead0eff"
50764,2,1,"#cd2626ff"
51442,2,1,"#cd2626ff"
51672,2,1,"#cd2626ff"
51857,2,1,"#cd2626ff"
51858,2,1,"#cd2626ff"
51941,2,1,"#cd2626ff"
52034,2,1,"#cd2626ff"
52039,3,2,"#eead0eff"
52218,5,4,"#6ca6cdff"
52219,3,2,"#eead0eff"
52221,2,1,"#cd2626ff"
52225,3,2,"#eead0eff"
52375,3,2,"#eead0eff"
52376,3,2,"#eead0eff"
52394,2,1,"#cd2626ff"
52401,2,1,"#cd2626ff"
52402,2,1,"#cd2626ff"
52733,3,2,"#eead0eff"
52736,3,2,"#eead0eff"
52738,2,1,"#cd2626ff"
52944,2,1,"#cd2626ff"
53120,2,1,"#cd2626ff"
53298,2,1,"#cd2626ff"
53455,2,1,"#cd2626ff"
53458,3,2,"#eead0eff"
53468,3,2,"#eead0eff"
53469,3,2,"#eead0eff"
53470,3,2,"#eead0eff"
53471,2,1,"#cd2626ff"
53480,2,1,"#cd2626ff"
53482,2,1,"#cd2626ff"
53484,2,1,"#cd2626ff"
53817,2,1,"#cd2626ff"
53818,2,1,"#cd2626ff"
53830,2,1,"#cd2626ff"
53831,3,2,"#eead0eff"
53832,3,2,"#eead0eff"
53841,2,1,"#cd2626ff"
53842,2,1,"#cd2626ff"
53843,2,1,"#cd2626ff"
53845,2,1,"#cd2626ff"
53846,2,1,"#cd2626ff"
54138,2,1,"#cd2626ff"
54179,3,2,"#eead0eff"
54186,3,2,"#eead0eff"
54209,2,1,"#cd2626ff"
54906,3,2,"#eead0eff"
54907,2,1,"#cd2626ff"
55208,2,1,"#cd2626ff"
55220,2,1,"#cd2626ff"
55238,3,2,"#eead0eff"
55270,2,1,"#cd2626ff"
55297,2,1,"#cd2626ff"
55460,2,1,"#cd2626ff"
55655,2,1,"#cd2626ff"
55659,2,1,"#cd2626ff"
55660,2,1,"#cd2626ff"
55958,3,2,"#eead0eff"
55966,3,2,"#eead0eff"
55992,3,2,"#eead0eff"
55993,3,2,"#eead0eff"
56015,3,2,"#eead0eff"
56016,3,2,"#eead0eff"
56317,3,2,"#eead0eff"
56324,3,2,"#eead0eff"
56353,3,2,"#eead0eff"
56354,2,1,"#cd2626ff"
56373,2,1,"#cd2626ff"
56374,3,2,"#eead0eff"
56713,3,2,"#eead0eff"
56715,3,2,"#eead0eff"
56716,3,2,"#eead0eff"
56733,3,2,"#eead0eff"
56747,2,1,"#cd2626ff"
57074,3,2,"#eead0eff"
57075,3,2,"#eead0eff"
57076,3,2,"#eead0eff"
57077,2,1,"#cd2626ff"
57078,3,2,"#eead0eff"
57436,3,2,"#eead0eff"
57437,3,2,"#eead0eff"
57438,3,2,"#eead0eff"
57450,2,1,"#cd2626ff"
20455,4,5,"#b452cdff"
20463,4,5,"#b452cdff"
20465,1,3,"#43cd80ff"
20476,4,5,"#b452cdff"
20825,4,5,"#b452cdff"
20828,2,1,"#cd2626ff"
20829,5,4,"#6ca6cdff"
21189,1,3,"#43cd80ff"
21536,1,3,"#43cd80ff"
22615,4,5,"#b452cdff"
22894,5,4,"#6ca6cdff"
23267,1,3,"#43cd80ff"
23268,1,3,"#43cd80ff"
23333,4,5,"#b452cdff"
23628,1,3,"#43cd80ff"
24486,4,5,"#b452cdff"
24845,4,5,"#b452cdff"
24846,4,5,"#b452cdff"
25206,4,5,"#b452cdff"
25558,4,5,"#b452cdff"
26987,1,3,"#43cd80ff"
27008,5,4,"#6ca6cdff"
27347,2,1,"#cd2626ff"
27348,2,1,"#cd2626ff"
27586,5,4,"#6ca6cdff"
27664,4,5,"#b452cdff"
27665,4,5,"#b452cdff"
27997,2,1,"#cd2626ff"
28420,4,5,"#b452cdff"
28421,4,5,"#b452cdff"
28681,5,4,"#6ca6cdff"
28726,1,3,"#43cd80ff"
28742,1,3,"#43cd80ff"
28757,2,1,"#cd2626ff"
29041,5,4,"#6ca6cdff"
29042,5,4,"#6ca6cdff"
30193,1,3,"#43cd80ff"
31650,4,5,"#b452cdff"
32035,5,4,"#6ca6cdff"
32353,1,3,"#43cd80ff"
32753,5,4,"#6ca6cdff"
32754,5,4,"#6ca6cdff"
33114,5,4,"#6ca6cdff"
33734,1,3,"#43cd80ff"
34094,1,3,"#43cd80ff"
35087,1,3,"#43cd80ff"
35219,1,3,"#43cd80ff"
35226,1,3,"#43cd80ff"
35253,4,5,"#b452cdff"
35271,5,4,"#6ca6cdff"
35272,2,1,"#cd2626ff"
35538,3,2,"#eead0eff"
35581,2,1,"#cd2626ff"
35921,1,3,"#43cd80ff"
35942,4,5,"#b452cdff"
36164,5,4,"#6ca6cdff"
36946,3,2,"#eead0eff"
37307,2,1,"#cd2626ff"
37358,2,1,"#cd2626ff"
37603,2,1,"#cd2626ff"
38092,2,1,"#cd2626ff"
38256,2,1,"#cd2626ff"
38278,2,1,"#cd2626ff"
38452,5,4,"#6ca6cdff"
38998,2,1,"#cd2626ff"
39101,2,1,"#cd2626ff"
39462,3,2,"#eead0eff"
39513,3,2,"#eead0eff"
39532,3,2,"#eead0eff"
40179,3,2,"#eead0eff"
40255,5,4,"#6ca6cdff"
40261,5,4,"#6ca6cdff"
40341,3,2,"#eead0eff"
40411,5,4,"#6ca6cdff"
40898,5,4,"#6ca6cdff"
41641,3,2,"#eead0eff"
41994,5,4,"#6ca6cdff"
41995,5,4,"#6ca6cdff"
42067,2,1,"#cd2626ff"
42282,2,1,"#cd2626ff"
42352,3,2,"#eead0eff"
42353,3,2,"#eead0eff"
42428,2,1,"#cd2626ff"
42642,4,5,"#b452cdff"
42696,3,2,"#eead0eff"
42711,3,2,"#eead0eff"
43068,3,2,"#eead0eff"
43070,5,4,"#6ca6cdff"
43071,2,1,"#cd2626ff"
43428,3,2,"#eead0eff"
43429,2,1,"#cd2626ff"
43430,5,4,"#6ca6cdff"
43431,5,4,"#6ca6cdff"
43775,3,2,"#eead0eff"
43870,3,2,"#eead0eff"
44114,3,2,"#eead0eff"
44135,3,2,"#eead0eff"
44229,2,1,"#cd2626ff"
44231,3,2,"#eead0eff"
44232,2,1,"#cd2626ff"
44592,3,2,"#eead0eff"
44593,3,2,"#eead0eff"
44595,2,1,"#cd2626ff"
44596,2,1,"#cd2626ff"
44831,3,2,"#eead0eff"
44847,2,1,"#cd2626ff"
44950,3,2,"#eead0eff"
44952,5,4,"#6ca6cdff"
44953,3,2,"#eead0eff"
44954,3,2,"#eead0eff"
44955,3,2,"#eead0eff"
44956,3,2,"#eead0eff"
44958,3,2,"#eead0eff"
45193,3,2,"#eead0eff"
45314,3,2,"#eead0eff"
45315,3,2,"#eead0eff"
45319,2,1,"#cd2626ff"
45543,3,2,"#eead0eff"
45544,3,2,"#eead0eff"
45552,3,2,"#eead0eff"
45553,3,2,"#eead0eff"
45570,4,5,"#b452cdff"
45673,3,2,"#eead0eff"
45674,3,2,"#eead0eff"
45677,3,2,"#eead0eff"
45681,3,2,"#eead0eff"
45823,2,1,"#cd2626ff"
45915,3,2,"#eead0eff"
46037,3,2,"#eead0eff"
46039,3,2,"#eead0eff"
46262,3,2,"#eead0eff"
46401,3,2,"#eead0eff"
46621,3,2,"#eead0eff"
46622,3,2,"#eead0eff"
46645,1,3,"#43cd80ff"
46646,1,3,"#43cd80ff"
46760,3,2,"#eead0eff"
46984,2,1,"#cd2626ff"
46993,3,2,"#eead0eff"
47122,3,2,"#eead0eff"
47266,2,1,"#cd2626ff"
47341,3,2,"#eead0eff"
47482,3,2,"#eead0eff"
47484,3,2,"#eead0eff"
47627,2,1,"#cd2626ff"
47717,2,1,"#cd2626ff"
47840,3,2,"#eead0eff"
47843,3,2,"#eead0eff"
47844,3,2,"#eead0eff"
48077,4,5,"#b452cdff"
48455,1,3,"#43cd80ff"
48456,1,3,"#43cd80ff"
48457,1,3,"#43cd80ff"
48458,1,3,"#43cd80ff"
48459,1,3,"#43cd80ff"
48563,3,2,"#eead0eff"
48564,3,2,"#eead0eff"
48813,1,3,"#43cd80ff"
48923,3,2,"#eead0eff"
49173,1,3,"#43cd80ff"
49174,2,1,"#cd2626ff"
52217,5,4,"#6ca6cdff"
52752,5,4,"#6ca6cdff"
53108,3,2,"#eead0eff"
53466,3,2,"#eead0eff"
53467,3,2,"#eead0eff"
53826,3,2,"#eead0eff"
53827,2,1,"#cd2626ff"
54185,3,2,"#eead0eff"
55271,3,2,"#eead0eff"
55272,3,2,"#eead0eff"
55630,2,1,"#cd2626ff"
55632,3,2,"#eead0eff"
57439,3,2,"#eead0eff"
57440,3,2,"#eead0eff"
